dish_name,price,restaurant_id
Caesar Salad,6.11,SGDD04944
Grilled Chicken Chop,4.15,SGDD04944
Original Fried Chicken,5.09,SGDD04944
Mushroom Soup,6.53,SGDD04944
Korean Fried Chicken,4.13,SGDD04944
Honey Glazed Wings,4.99,SGDD04944
Beef Steak,7.25,SGDD04944
Fish & Chips,6.72,SGDD04944
Crispy Chicken Burger,5.1,SGDD04944
Spicy Fried Chicken,6.95,SGDD04944
Grilled Chicken Chop,10.04,SGDD11414
Roast Lamb Rack,9.87,SGDD11414
Carrot Cake,9.75,SGDD11414
Grilled Cheese Sandwich,9.12,SGDD11414
Mushroom Soup,7.35,SGDD11414
Beef Steak,10.68,SGDD11414
Caesar Salad,8.0,SGDD11414
Club Sandwich,14.38,SGDD11414
Fish & Chips,7.63,SGDD11414
Espresso,9.35,SGDD11414
Spicy Peanut Noodles,13.18,4-C8A2MANGA75WRX
Sesame Noodles,14.88,4-C8A2MANGA75WRX
Boiled Dumplings,13.84,4-C8A2MANGA75WRX
Siew Mai Pork Dumplings,13.93,4-C8A2MANGA75WRX
Hand-Pulled Noodles,10.04,4-C8A2MANGA75WRX
Char Siew Rice,10.63,4-C8A2MANGA75WRX
Steamed Fish,13.67,4-C8A2MANGA75WRX
Kung Pao Chicken,8.3,4-C8A2MANGA75WRX
Sweet & Sour Pork,9.84,4-C8A2MANGA75WRX
Hot & Sour Soup,12.36,4-C8A2MANGA75WRX
Nasi Lemak,9.16,4-C2B1RVCEGEEDJA
Char Kway Teow,14.4,4-C2B1RVCEGEEDJA
Roti Canai,12.51,4-C2B1RVCEGEEDJA
Satay Skewers,8.76,4-C2B1RVCEGEEDJA
House Signature Dish,9.59,4-C2B1RVCEGEEDJA
Daily Special Set,13.15,4-C2B1RVCEGEEDJA
Today's Recommendation,7.45,4-C2B1RVCEGEEDJA
Daily Special Set (Set 2),13.57,4-C2B1RVCEGEEDJA
Satay Skewers (Set 2),13.44,4-C2B1RVCEGEEDJA
Roti Canai (Set 2),10.21,4-C2B1RVCEGEEDJA
Jasmine Green Tea,8.69,4-C62TNYNCJTMJTX
Oolong Tea,14.54,4-C62TNYNCJTMJTX
Earl Grey Tea,14.01,4-C62TNYNCJTMJTX
Classic Milk Tea,9.52,4-C62TNYNCJTMJTX
Brown Sugar Boba Milk Tea,12.24,4-C62TNYNCJTMJTX
Taro Milk Tea,10.17,4-C62TNYNCJTMJTX
Fresh Lime Juice,14.32,4-C62TNYNCJTMJTX
Iced Lemon Tea,10.67,4-C62TNYNCJTMJTX
Sugarcane Juice,9.12,4-C62TNYNCJTMJTX
House Signature Dish,8.97,4-C62TNYNCJTMJTX
Cinnamon Roll,20.4,4-C7MAV23DLKXVVN
Iced Latte,24.34,4-C7MAV23DLKXVVN
Carrot Cake,25.92,4-C7MAV23DLKXVVN
Butter Croissant,15.29,4-C7MAV23DLKXVVN
Espresso,15.4,4-C7MAV23DLKXVVN
Flat White,23.21,4-C7MAV23DLKXVVN
Roast Lamb Rack,21.95,4-C7MAV23DLKXVVN
Caesar Salad,18.77,4-C7MAV23DLKXVVN
Beef Steak,21.94,4-C7MAV23DLKXVVN
Garlic Bread,20.02,4-C7MAV23DLKXVVN
Kaya Toast,12.44,SGDD08530
French Toast,7.92,SGDD08530
Cheese Toast,14.08,SGDD08530
Flat White,13.01,SGDD08530
Cappuccino,13.15,SGDD08530
Iced Latte,9.72,SGDD08530
Espresso,9.35,SGDD08530
Kaya Toast (Set 2),8.27,SGDD08530
Cappuccino (Set 2),7.03,SGDD08530
Chef's Special Combo,12.78,SGDD08530
Flat White,7.81,4-C7LZPGDVJNCTN2
Kaya Toast,6.7,4-C7LZPGDVJNCTN2
Roti Canai,7.89,4-C7LZPGDVJNCTN2
Char Kway Teow,6.65,4-C7LZPGDVJNCTN2
Iced Latte,4.0,4-C7LZPGDVJNCTN2
Cappuccino,5.62,4-C7LZPGDVJNCTN2
French Toast,4.1,4-C7LZPGDVJNCTN2
Espresso,8.65,4-C7LZPGDVJNCTN2
Nasi Lemak,8.39,4-C7LZPGDVJNCTN2
Satay Skewers,8.16,4-C7LZPGDVJNCTN2
Wonton Mee,14.02,SGDD01360
Dan Dan Noodles,14.58,SGDD01360
Braised Beef Noodles,7.69,SGDD01360
Prawn Noodle Soup,10.89,SGDD01360
Fishball Noodles,7.55,SGDD01360
Dry Mee Pok,13.08,SGDD01360
Wonton Mee (Set 2),13.13,SGDD01360
Today's Recommendation,8.03,SGDD01360
Chef's Special Combo,10.8,SGDD01360
Today's Recommendation (Set 2),11.4,SGDD01360
Grilled Chicken Chop,11.22,4-C7JZA6XDPECVGE
Fish & Chips,11.85,4-C7JZA6XDPECVGE
Beef Steak,14.71,4-C7JZA6XDPECVGE
Caesar Salad,14.43,4-C7JZA6XDPECVGE
Mushroom Soup,13.04,4-C7JZA6XDPECVGE
Roast Lamb Rack,12.52,4-C7JZA6XDPECVGE
Teriyaki Chicken Rice Bowl,12.7,4-C7JZA6XDPECVGE
Beef Don,10.19,4-C7JZA6XDPECVGE
Salmon Poke Bowl,12.37,4-C7JZA6XDPECVGE
Grilled Chicken Chop (Set 2),9.99,4-C7JZA6XDPECVGE
Kaya Toast,8.98,SGDD11205
French Toast,7.51,SGDD11205
Cheese Toast,7.17,SGDD11205
Flat White,11.43,SGDD11205
Cappuccino,11.71,SGDD11205
Iced Latte,7.06,SGDD11205
Espresso,12.66,SGDD11205
Cappuccino (Set 2),7.47,SGDD11205
Flat White (Set 2),7.54,SGDD11205
House Signature Dish,7.25,SGDD11205
Chicken Burrito,6.7,4-C2VKLAC2MBT2NJ
Beef Tacos,7.62,4-C2VKLAC2MBT2NJ
Nachos Supreme,8.41,4-C2VKLAC2MBT2NJ
Quesadilla,6.88,4-C2VKLAC2MBT2NJ
Beef Tacos (Set 2),5.21,4-C2VKLAC2MBT2NJ
House Signature Dish,6.36,4-C2VKLAC2MBT2NJ
Today's Recommendation,6.04,4-C2VKLAC2MBT2NJ
Chicken Burrito (Set 2),4.47,4-C2VKLAC2MBT2NJ
Quesadilla (Set 2),7.29,4-C2VKLAC2MBT2NJ
Today's Recommendation (Set 2),5.77,4-C2VKLAC2MBT2NJ
Classic Cheeseburger,8.52,4-C7EAA332EGC2JN
Double Beef Burger,10.59,4-C7EAA332EGC2JN
Grilled Chicken Chop,10.38,4-C7EAA332EGC2JN
Fish & Chips,9.23,4-C7EAA332EGC2JN
Crispy Chicken Burger,9.0,4-C7EAA332EGC2JN
Caesar Salad,14.39,4-C7EAA332EGC2JN
Beef Steak,10.55,4-C7EAA332EGC2JN
BBQ Bacon Burger,13.89,4-C7EAA332EGC2JN
Roast Lamb Rack,11.4,4-C7EAA332EGC2JN
Mushroom Soup,7.4,4-C7EAA332EGC2JN
Hainanese Chicken Rice,8.33,4-C6AFLYKZANBBLN
Roasted Chicken Rice,10.89,4-C6AFLYKZANBBLN
Flat White,8.71,4-C6AFLYKZANBBLN
Cappuccino,10.21,4-C6AFLYKZANBBLN
Iced Latte,7.47,4-C6AFLYKZANBBLN
Espresso,10.03,4-C6AFLYKZANBBLN
Iced Latte (Set 2),14.88,4-C6AFLYKZANBBLN
Chef's Special Combo,9.12,4-C6AFLYKZANBBLN
House Signature Dish,13.27,4-C6AFLYKZANBBLN
Today's Recommendation,10.64,4-C6AFLYKZANBBLN
Fish Head Curry,34.41,4-CZD3LRMAWEKVLJ
Vegetable Curry,26.5,4-CZD3LRMAWEKVLJ
Mutton Curry,39.3,4-CZD3LRMAWEKVLJ
Palak Paneer,52.58,4-CZD3LRMAWEKVLJ
Chana Masala,40.93,4-CZD3LRMAWEKVLJ
Garlic Naan,26.71,4-CZD3LRMAWEKVLJ
Chicken Tikka Masala,40.23,4-CZD3LRMAWEKVLJ
Butter Chicken,50.54,4-CZD3LRMAWEKVLJ
Butter Chicken with Naan,27.06,4-CZD3LRMAWEKVLJ
Cheese Naan,27.04,4-CZD3LRMAWEKVLJ
Caesar Salad,8.63,4-CZCVABEYJYB2WE
Club Sandwich,12.73,4-CZCVABEYJYB2WE
Fish & Chips,8.91,4-CZCVABEYJYB2WE
Quinoa Salad,10.17,4-CZCVABEYJYB2WE
Grilled Chicken Chop,12.37,4-CZCVABEYJYB2WE
Mushroom Soup,9.4,4-CZCVABEYJYB2WE
Egg Mayo Sandwich,9.53,4-CZCVABEYJYB2WE
Grilled Cheese Sandwich,13.01,4-CZCVABEYJYB2WE
Beef Steak,7.58,4-CZCVABEYJYB2WE
Tuna Sandwich,10.67,4-CZCVABEYJYB2WE
Soda Float,14.03,4-C7XUL6AZTGLTTN
Chicken Tikka Masala,9.96,4-C7XUL6AZTGLTTN
Iced Chrysanthemum Tea,8.26,4-C7XUL6AZTGLTTN
Steamed Fish,13.67,4-C7XUL6AZTGLTTN
Fresh Orange Juice,12.63,4-C7XUL6AZTGLTTN
Seafood Platter,11.89,4-C7XUL6AZTGLTTN
Palak Paneer,14.9,4-C7XUL6AZTGLTTN
Butter Chicken,12.23,4-C7XUL6AZTGLTTN
Butter Garlic Prawns,7.06,4-C7XUL6AZTGLTTN
Chana Masala,13.54,4-C7XUL6AZTGLTTN
Carbonara,9.18,4-C25ZKECUCZD3AN
Braised Beef Noodles,11.84,4-C25ZKECUCZD3AN
Risotto ai Funghi,12.74,4-C25ZKECUCZD3AN
Tiramisu,8.63,4-C25ZKECUCZD3AN
Dry Mee Pok,12.07,4-C25ZKECUCZD3AN
Prawn Noodle Soup,9.11,4-C25ZKECUCZD3AN
Wonton Mee,10.91,4-C25ZKECUCZD3AN
Aglio Olio,14.24,4-C25ZKECUCZD3AN
Dan Dan Noodles,13.77,4-C25ZKECUCZD3AN
Truffle Mushroom Pasta,7.74,4-C25ZKECUCZD3AN
Wonton Mee,11.41,4-C2VKJ3U2C2JZTN
Stir-fried Kailan,10.42,4-C2VKJ3U2C2JZTN
Sweet & Sour Pork,7.08,4-C2VKJ3U2C2JZTN
Braised Pork Belly,7.6,4-C2VKJ3U2C2JZTN
Egg Fried Rice,14.06,4-C2VKJ3U2C2JZTN
Steamed Fish with Ginger,14.23,4-C2VKJ3U2C2JZTN
Shoyu Ramen,11.36,4-C2VKJ3U2C2JZTN
Mapo Tofu,13.68,4-C2VKJ3U2C2JZTN
Seafood Fried Rice,11.66,4-C2VKJ3U2C2JZTN
Hot & Sour Soup,8.18,4-C2VKJ3U2C2JZTN
Mushroom Soup,13.24,4-C6K3LLJBMFKZCT
Grilled Chicken Chop,14.07,4-C6K3LLJBMFKZCT
Korean Fried Chicken,10.25,4-C6K3LLJBMFKZCT
Roast Lamb Rack,11.97,4-C6K3LLJBMFKZCT
Popcorn Chicken,8.24,4-C6K3LLJBMFKZCT
Spicy Fried Chicken,14.44,4-C6K3LLJBMFKZCT
Caesar Salad,13.92,4-C6K3LLJBMFKZCT
Mushroom Swiss Burger,14.81,4-C6K3LLJBMFKZCT
Fish & Chips,13.49,4-C6K3LLJBMFKZCT
Beef Steak,14.05,4-C6K3LLJBMFKZCT
Butter Chicken,26.08,4-C2UWA3VBTACTA2
Palak Paneer,25.88,4-C2UWA3VBTACTA2
Mutton Curry,16.34,4-C2UWA3VBTACTA2
Vegetable Curry,25.25,4-C2UWA3VBTACTA2
Chana Masala,19.9,4-C2UWA3VBTACTA2
Chicken Tikka Masala,17.58,4-C2UWA3VBTACTA2
Mutton Biryani,24.93,4-C2UWA3VBTACTA2
Vegetable Biryani,16.41,4-C2UWA3VBTACTA2
Chicken Biryani,13.35,4-C2UWA3VBTACTA2
Fish Head Curry,15.9,4-C2UWA3VBTACTA2
Vegetable Bibimbap,7.92,4-CYXVJA6WAB3TAJ
Beef Bibimbap,14.76,4-CYXVJA6WAB3TAJ
Tteokbokki,8.43,4-CYXVJA6WAB3TAJ
Spicy Bibimbap,14.7,4-CYXVJA6WAB3TAJ
Bulgogi Beef,9.12,4-CYXVJA6WAB3TAJ
Salmon Poke Bowl,7.87,4-CYXVJA6WAB3TAJ
Korean Fried Chicken,10.48,4-CYXVJA6WAB3TAJ
Beef Don,12.83,4-CYXVJA6WAB3TAJ
Teriyaki Chicken Rice Bowl,9.51,4-CYXVJA6WAB3TAJ
Kimchi Jjigae,11.85,4-CYXVJA6WAB3TAJ
Stir-fried Kailan,11.16,4-C7ETCXTCWFE1EN
Sweet & Sour Pork,13.45,4-C7ETCXTCWFE1EN
Char Siew Rice,12.49,4-C7ETCXTCWFE1EN
Salted Egg Prawns,14.52,4-C7ETCXTCWFE1EN
Yang Zhou Fried Rice,12.9,4-C7ETCXTCWFE1EN
Steamed Fish with Ginger,8.58,4-C7ETCXTCWFE1EN
Braised Pork Belly,10.45,4-C7ETCXTCWFE1EN
Mapo Tofu,14.59,4-C7ETCXTCWFE1EN
Mushroom Ban Mian,14.37,4-C7ETCXTCWFE1EN
Minced Meat Ban Mian,11.99,4-C7ETCXTCWFE1EN
Salmon Sashimi,12.58,4-C3XTAN6WCCLJKA
California Roll,11.44,4-C3XTAN6WCCLJKA
Chicken Katsu,8.53,4-C3XTAN6WCCLJKA
Tempura Udon,12.32,4-C3XTAN6WCCLJKA
House Signature Dish,10.03,4-C3XTAN6WCCLJKA
Salmon Sashimi (Set 2),12.99,4-C3XTAN6WCCLJKA
Salmon Sashimi (Set 2),8.39,4-C3XTAN6WCCLJKA
Chicken Katsu (Set 2),11.55,4-C3XTAN6WCCLJKA
California Roll (Set 2),10.25,4-C3XTAN6WCCLJKA
Chicken Katsu (Set 2),13.67,4-C3XTAN6WCCLJKA
Steamed Fish with Ginger,48.81,4-C7UHL7EFEJLDCE
Salt & Pepper Squid,53.79,4-C7UHL7EFEJLDCE
Yang Zhou Fried Rice,47.08,4-C7UHL7EFEJLDCE
Char Siew Rice,44.77,4-C7UHL7EFEJLDCE
Mapo Tofu,33.51,4-C7UHL7EFEJLDCE
Hot & Sour Soup,44.92,4-C7UHL7EFEJLDCE
Chili Crab,43.58,4-C7UHL7EFEJLDCE
Salted Egg Prawns,27.8,4-C7UHL7EFEJLDCE
Sweet & Sour Pork,53.56,4-C7UHL7EFEJLDCE
Stir-fried Kailan,32.05,4-C7UHL7EFEJLDCE
Grilled Chicken Chop,8.8,4-CZJZBADJCXA2NN
Fish & Chips,8.59,4-CZJZBADJCXA2NN
Beef Steak,7.2,4-CZJZBADJCXA2NN
Caesar Salad,8.96,4-CZJZBADJCXA2NN
Mushroom Soup,10.8,4-CZJZBADJCXA2NN
Roast Lamb Rack,13.8,4-CZJZBADJCXA2NN
Curry Puff,7.58,4-CZJZBADJCXA2NN
Popiah,10.32,4-CZJZBADJCXA2NN
Spring Rolls,12.04,4-CZJZBADJCXA2NN
Grilled Chicken Chop (Set 2),8.56,4-CZJZBADJCXA2NN
Sesame Chicken,13.43,4-C2TWVLLTCK2BGX
Herbal Chicken Soup,12.57,4-C2TWVLLTCK2BGX
Sweet Corn Soup,10.72,4-C2TWVLLTCK2BGX
Tteokbokki,11.46,4-C2TWVLLTCK2BGX
Bak Kut Teh,14.34,4-C2TWVLLTCK2BGX
Kimchi Jjigae,7.97,4-C2TWVLLTCK2BGX
Grilled Chicken Thigh,8.07,4-C2TWVLLTCK2BGX
Chicken Cutlet,10.72,4-C2TWVLLTCK2BGX
Korean Fried Chicken,11.25,4-C2TWVLLTCK2BGX
Bulgogi Beef,11.47,4-C2TWVLLTCK2BGX
Flat White,13.52,4-C653MFMVDGL1BE
Cappuccino,14.14,4-C653MFMVDGL1BE
Iced Latte,10.41,4-C653MFMVDGL1BE
Espresso,14.25,4-C653MFMVDGL1BE
Jasmine Green Tea,10.57,4-C653MFMVDGL1BE
Oolong Tea,8.27,4-C653MFMVDGL1BE
Earl Grey Tea,13.89,4-C653MFMVDGL1BE
Cappuccino (Set 2),10.6,4-C653MFMVDGL1BE
Espresso (Set 2),13.01,4-C653MFMVDGL1BE
Oolong Tea (Set 2),13.72,4-C653MFMVDGL1BE
Wonton Mee,17.12,SGDD00739
Dan Dan Noodles,14.16,SGDD00739
Braised Beef Noodles,17.29,SGDD00739
Prawn Noodle Soup,17.08,SGDD00739
Fishball Noodles,17.8,SGDD00739
Dry Mee Pok,21.1,SGDD00739
Wonton Mee (Set 2),15.08,SGDD00739
Fishball Noodles (Set 2),16.47,SGDD00739
Prawn Noodle Soup (Set 2),23.41,SGDD00739
Today's Recommendation,23.6,SGDD00739
Salmon Sashimi,7.5,4-C3NZSEWUCBVBAT
California Roll,13.66,4-C3NZSEWUCBVBAT
Chicken Katsu,10.12,4-C3NZSEWUCBVBAT
Tempura Udon,13.16,4-C3NZSEWUCBVBAT
House Signature Dish,14.57,4-C3NZSEWUCBVBAT
Chicken Katsu (Set 2),7.16,4-C3NZSEWUCBVBAT
Chicken Katsu (Set 2),14.05,4-C3NZSEWUCBVBAT
California Roll (Set 2),11.61,4-C3NZSEWUCBVBAT
Tempura Udon (Set 2),10.82,4-C3NZSEWUCBVBAT
Chicken Katsu (Set 2),14.54,4-C3NZSEWUCBVBAT
Spicy Bibimbap,9.18,4-C65ZT74WL2CFAJ
Braised Beef Noodles,10.89,4-C65ZT74WL2CFAJ
Sesame Chicken,10.11,4-C65ZT74WL2CFAJ
Prawn Noodle Soup,12.35,4-C65ZT74WL2CFAJ
Vegetable Bibimbap,13.39,4-C65ZT74WL2CFAJ
Dan Dan Noodles,12.79,4-C65ZT74WL2CFAJ
Dry Mee Pok,13.72,4-C65ZT74WL2CFAJ
Korean Fried Chicken,14.36,4-C65ZT74WL2CFAJ
Beef Bibimbap,14.85,4-C65ZT74WL2CFAJ
Tteokbokki,11.27,4-C65ZT74WL2CFAJ
Lasagna,6.82,4-C7NBNUEWCE52NE
Risotto ai Funghi,4.14,4-C7NBNUEWCE52NE
Tiramisu,7.21,4-C7NBNUEWCE52NE
Osso Buco,4.68,4-C7NBNUEWCE52NE
Carbonara,6.31,4-C7NBNUEWCE52NE
Aglio Olio,4.25,4-C7NBNUEWCE52NE
Bolognese Spaghetti,5.9,4-C7NBNUEWCE52NE
Truffle Mushroom Pasta,5.06,4-C7NBNUEWCE52NE
Tiramisu (Set 2),5.63,4-C7NBNUEWCE52NE
Aglio Olio (Set 2),7.81,4-C7NBNUEWCE52NE
Flat White,15.0,4-C3BUR2NCFEBJA6
Mushroom Soup,9.8,4-C3BUR2NCFEBJA6
Carrot Cake,12.2,4-C3BUR2NCFEBJA6
Cheesecake,13.25,4-C3BUR2NCFEBJA6
Fish & Chips,12.21,4-C3BUR2NCFEBJA6
Cappuccino,13.03,4-C3BUR2NCFEBJA6
Grilled Chicken Chop,14.6,4-C3BUR2NCFEBJA6
Roast Lamb Rack,8.59,4-C3BUR2NCFEBJA6
Chocolate Fudge Cake,7.16,4-C3BUR2NCFEBJA6
Iced Latte,8.22,4-C3BUR2NCFEBJA6
Chef's Special Combo,13.14,4-C722HFLEETUFCX
House Signature Dish,8.34,4-C722HFLEETUFCX
Daily Special Set,11.86,4-C722HFLEETUFCX
Today's Recommendation,12.98,4-C722HFLEETUFCX
Daily Special Set (Set 2),7.92,4-C722HFLEETUFCX
Today's Recommendation (Set 2),13.55,4-C722HFLEETUFCX
House Signature Dish (Set 2),14.72,4-C722HFLEETUFCX
Today's Recommendation (Set 2),7.86,4-C722HFLEETUFCX
Today's Recommendation (Set 2),7.21,4-C722HFLEETUFCX
Chef's Special Combo (Set 2),9.5,4-C722HFLEETUFCX
Grilled Chicken Thigh,13.37,4-C3TFGETHGYTHTN
Char Siew Rice,11.53,4-C3TFGETHGYTHTN
Chicken Cutlet,7.33,4-C3TFGETHGYTHTN
Yang Zhou Fried Rice,11.26,4-C3TFGETHGYTHTN
Sweet & Sour Pork,12.29,4-C3TFGETHGYTHTN
Salted Egg Prawns,7.55,4-C3TFGETHGYTHTN
Braised Pork Belly,12.18,4-C3TFGETHGYTHTN
Mapo Tofu,7.1,4-C3TFGETHGYTHTN
Kung Pao Chicken,10.36,4-C3TFGETHGYTHTN
Sesame Chicken,10.92,4-C3TFGETHGYTHTN
Chicken Katsu Bento,13.47,4-CYUTT6CDRUXXL6
Mapo Tofu,11.31,4-CYUTT6CDRUXXL6
Herbal Chicken Soup,10.87,4-CYUTT6CDRUXXL6
Hot & Sour Soup,10.48,4-CYUTT6CDRUXXL6
Bak Kut Teh,12.85,4-CYUTT6CDRUXXL6
Kung Pao Chicken,9.15,4-CYUTT6CDRUXXL6
Char Siew Rice,13.81,4-CYUTT6CDRUXXL6
Tempura Bento,13.65,4-CYUTT6CDRUXXL6
Steamed Fish with Ginger,7.69,4-CYUTT6CDRUXXL6
Sweet Corn Soup,14.05,4-CYUTT6CDRUXXL6
Chef's Special Combo,13.81,4-CZAWBCC1SEVYEA
House Signature Dish,8.45,4-CZAWBCC1SEVYEA
Daily Special Set,8.7,4-CZAWBCC1SEVYEA
Today's Recommendation,13.38,4-CZAWBCC1SEVYEA
Today's Recommendation (Set 2),9.72,4-CZAWBCC1SEVYEA
Today's Recommendation (Set 2),14.04,4-CZAWBCC1SEVYEA
Daily Special Set (Set 2),12.61,4-CZAWBCC1SEVYEA
House Signature Dish (Set 2),9.21,4-CZAWBCC1SEVYEA
Chef's Special Combo (Set 2),7.08,4-CZAWBCC1SEVYEA
Today's Recommendation (Set 2),14.58,4-CZAWBCC1SEVYEA
California Roll,10.93,4-C73FGCM3LBC3AT
Tempura Udon,13.34,4-C73FGCM3LBC3AT
Spicy Tantanmen,7.74,4-C73FGCM3LBC3AT
Bulgogi Beef,8.77,4-C73FGCM3LBC3AT
Korean Fried Chicken,12.53,4-C73FGCM3LBC3AT
Tonkotsu Ramen,9.45,4-C73FGCM3LBC3AT
Butter Garlic Prawns,11.65,4-C73FGCM3LBC3AT
Shoyu Ramen,10.79,4-C73FGCM3LBC3AT
Tteokbokki,11.25,4-C73FGCM3LBC3AT
Steamed Fish,10.4,4-C73FGCM3LBC3AT
Chicken Burrito,5.15,4-CZEUR7LAUCDEC2
Beef Tacos,7.61,4-CZEUR7LAUCDEC2
Nachos Supreme,5.58,4-CZEUR7LAUCDEC2
Quesadilla,7.71,4-CZEUR7LAUCDEC2
Beef Tacos (Set 2),8.75,4-CZEUR7LAUCDEC2
Beef Tacos (Set 2),7.45,4-CZEUR7LAUCDEC2
Quesadilla (Set 2),4.96,4-CZEUR7LAUCDEC2
Chicken Burrito (Set 2),7.69,4-CZEUR7LAUCDEC2
Chicken Burrito (Set 2),5.38,4-CZEUR7LAUCDEC2
Chicken Burrito (Set 2),6.95,4-CZEUR7LAUCDEC2
Club Sandwich,7.11,4-C2VKKAVDLEXCA6
Egg Mayo Sandwich,11.27,4-C2VKKAVDLEXCA6
Mushroom Soup,9.19,4-C2VKKAVDLEXCA6
Fish & Chips,14.79,4-C2VKKAVDLEXCA6
Caesar Salad,11.43,4-C2VKKAVDLEXCA6
Beef Steak,12.58,4-C2VKKAVDLEXCA6
Tuna Sandwich,8.01,4-C2VKKAVDLEXCA6
Greek Salad,13.95,4-C2VKKAVDLEXCA6
Roast Lamb Rack,10.93,4-C2VKKAVDLEXCA6
Quinoa Salad,13.98,4-C2VKKAVDLEXCA6
Salted Egg Prawns,13.58,4-C7TWABABRPDFJA
Hot & Sour Soup,10.21,4-C7TWABABRPDFJA
Salmon Teriyaki Bento,7.59,4-C7TWABABRPDFJA
Chicken Katsu Bento,12.04,4-C7TWABABRPDFJA
Mapo Tofu,7.43,4-C7TWABABRPDFJA
Kung Pao Chicken,8.19,4-C7TWABABRPDFJA
Braised Pork Belly,11.5,4-C7TWABABRPDFJA
Steamed Fish with Ginger,9.43,4-C7TWABABRPDFJA
Salmon Poke Bowl,14.95,4-C7TWABABRPDFJA
Tempura Bento,7.95,4-C7TWABABRPDFJA
Jasmine Green Tea,9.38,4-C4NJGEDEE2X1TN
Salted Egg Prawns,11.71,4-C4NJGEDEE2X1TN
Oolong Tea,10.43,4-C4NJGEDEE2X1TN
Taro Milk Tea,11.55,4-C4NJGEDEE2X1TN
Earl Grey Tea,7.48,4-C4NJGEDEE2X1TN
Yang Zhou Fried Rice,14.68,4-C4NJGEDEE2X1TN
Stir-fried Kailan,7.79,4-C4NJGEDEE2X1TN
Char Siew Rice,13.1,4-C4NJGEDEE2X1TN
Hot & Sour Soup,12.0,4-C4NJGEDEE2X1TN
Classic Milk Tea,9.12,4-C4NJGEDEE2X1TN
Nasi Lemak,8.39,4-C2DJCGCKVN63J6
Char Kway Teow,7.6,4-C2DJCGCKVN63J6
Roti Canai,7.02,4-C2DJCGCKVN63J6
Satay Skewers,10.6,4-C2DJCGCKVN63J6
Herbal Chicken Soup,11.75,4-C2DJCGCKVN63J6
Bak Kut Teh,9.33,4-C2DJCGCKVN63J6
Sweet Corn Soup,8.85,4-C2DJCGCKVN63J6
House Signature Dish,12.66,4-C2DJCGCKVN63J6
Daily Special Set,12.62,4-C2DJCGCKVN63J6
Today's Recommendation,10.63,4-C2DJCGCKVN63J6
Grilled Chicken Chop,14.39,4-C4EUGJ4GTREJEJ
Fish & Chips,13.3,4-C4EUGJ4GTREJEJ
Beef Steak,12.0,4-C4EUGJ4GTREJEJ
Caesar Salad,12.29,4-C4EUGJ4GTREJEJ
Mushroom Soup,14.47,4-C4EUGJ4GTREJEJ
Roast Lamb Rack,10.4,4-C4EUGJ4GTREJEJ
Greek Salad,11.36,4-C4EUGJ4GTREJEJ
Quinoa Salad,12.18,4-C4EUGJ4GTREJEJ
Greek Salad (Set 2),14.27,4-C4EUGJ4GTREJEJ
Today's Recommendation,13.61,4-C4EUGJ4GTREJEJ
Katong Laksa,13.89,SGDD05316
Curry Laksa,24.89,SGDD05316
Prawn Laksa,21.93,SGDD05316
Wonton Mee,25.36,SGDD05316
Dan Dan Noodles,26.82,SGDD05316
Braised Beef Noodles,19.59,SGDD05316
Prawn Noodle Soup,20.03,SGDD05316
Fishball Noodles,17.56,SGDD05316
Dry Mee Pok,19.04,SGDD05316
House Signature Dish,17.08,SGDD05316
Chef's Special Combo,7.02,4-CYTKLXJFGRMVNA
House Signature Dish,4.13,4-CYTKLXJFGRMVNA
Daily Special Set,5.14,4-CYTKLXJFGRMVNA
Today's Recommendation,7.37,4-CYTKLXJFGRMVNA
Today's Recommendation (Set 2),8.3,4-CYTKLXJFGRMVNA
Today's Recommendation (Set 2),6.94,4-CYTKLXJFGRMVNA
House Signature Dish (Set 2),4.1,4-CYTKLXJFGRMVNA
Chef's Special Combo (Set 2),7.82,4-CYTKLXJFGRMVNA
Daily Special Set (Set 2),8.11,4-CYTKLXJFGRMVNA
House Signature Dish (Set 2),6.88,4-CYTKLXJFGRMVNA
Kimchi Jjigae,7.26,4-C6B1MFC2T8JCV6
Tteokbokki,8.58,4-C6B1MFC2T8JCV6
Bulgogi Beef,4.91,4-C6B1MFC2T8JCV6
Korean Fried Chicken,6.93,4-C6B1MFC2T8JCV6
Beef Bibimbap,7.17,4-C6B1MFC2T8JCV6
Vegetable Bibimbap,6.46,4-C6B1MFC2T8JCV6
Spicy Bibimbap,4.46,4-C6B1MFC2T8JCV6
Daily Special Set,5.74,4-C6B1MFC2T8JCV6
Korean Fried Chicken (Set 2),5.67,4-C6B1MFC2T8JCV6
Beef Bibimbap (Set 2),7.35,4-C6B1MFC2T8JCV6
Kimchi Jjigae,12.55,4-CZEXGY4XWGNBTE
Tteokbokki,9.31,4-CZEXGY4XWGNBTE
Bulgogi Beef,14.56,4-CZEXGY4XWGNBTE
Korean Fried Chicken,13.51,4-CZEXGY4XWGNBTE
Beef Bibimbap,11.4,4-CZEXGY4XWGNBTE
Vegetable Bibimbap,10.64,4-CZEXGY4XWGNBTE
Spicy Bibimbap,9.52,4-CZEXGY4XWGNBTE
Daily Special Set,9.59,4-CZEXGY4XWGNBTE
Tteokbokki (Set 2),14.76,4-CZEXGY4XWGNBTE
Bulgogi Beef (Set 2),10.23,4-CZEXGY4XWGNBTE
Classic Milk Tea,10.31,4-CZCBCGNXAY5ACA
Brown Sugar Boba Milk Tea,8.5,4-CZCBCGNXAY5ACA
Taro Milk Tea,9.89,4-CZCBCGNXAY5ACA
Classic Milk Tea (Set 2),13.05,4-CZCBCGNXAY5ACA
Taro Milk Tea (Set 2),12.0,4-CZCBCGNXAY5ACA
Chef's Special Combo,13.08,4-CZCBCGNXAY5ACA
Brown Sugar Boba Milk Tea (Set 2),8.63,4-CZCBCGNXAY5ACA
Taro Milk Tea (Set 2),11.39,4-CZCBCGNXAY5ACA
Classic Milk Tea (Set 2),14.42,4-CZCBCGNXAY5ACA
Today's Recommendation,10.5,4-CZCBCGNXAY5ACA
Chef's Special Combo,6.75,4-C3CDSE4FCA6BE6
House Signature Dish,6.76,4-C3CDSE4FCA6BE6
Daily Special Set,4.47,4-C3CDSE4FCA6BE6
Today's Recommendation,8.96,4-C3CDSE4FCA6BE6
Today's Recommendation (Set 2),8.56,4-C3CDSE4FCA6BE6
House Signature Dish (Set 2),6.31,4-C3CDSE4FCA6BE6
Chef's Special Combo (Set 2),4.59,4-C3CDSE4FCA6BE6
Today's Recommendation (Set 2),8.16,4-C3CDSE4FCA6BE6
Daily Special Set (Set 2),6.49,4-C3CDSE4FCA6BE6
Chef's Special Combo (Set 2),7.58,4-C3CDSE4FCA6BE6
Chef's Special Combo,11.41,4-C7UHLCM2AX2WSA
House Signature Dish,10.07,4-C7UHLCM2AX2WSA
Daily Special Set,14.37,4-C7UHLCM2AX2WSA
Today's Recommendation,11.07,4-C7UHLCM2AX2WSA
Chef's Special Combo (Set 2),14.03,4-C7UHLCM2AX2WSA
Daily Special Set (Set 2),13.91,4-C7UHLCM2AX2WSA
Today's Recommendation (Set 2),9.21,4-C7UHLCM2AX2WSA
Today's Recommendation (Set 2),13.32,4-C7UHLCM2AX2WSA
Today's Recommendation (Set 2),10.32,4-C7UHLCM2AX2WSA
Today's Recommendation (Set 2),14.47,4-C7UHLCM2AX2WSA
Hokkien Mee,12.81,4-C7CVEKNWJZNTSE
Mee Rebus,13.7,4-C7CVEKNWJZNTSE
Rendang,11.64,4-C7CVEKNWJZNTSE
Curry Puff,12.28,4-C7CVEKNWJZNTSE
Popiah,13.92,4-C7CVEKNWJZNTSE
Spring Rolls,10.57,4-C7CVEKNWJZNTSE
Popiah (Set 2),10.87,4-C7CVEKNWJZNTSE
Hokkien Mee (Set 2),9.66,4-C7CVEKNWJZNTSE
Chef's Special Combo,13.1,4-C7CVEKNWJZNTSE
Hokkien Mee (Set 2),10.02,4-C7CVEKNWJZNTSE
Chendol,24.17,4-CZDHLA3KV4J3DA
Satay Skewers,23.58,4-CZDHLA3KV4J3DA
Curry Laksa,25.17,4-CZDHLA3KV4J3DA
Nasi Lemak with Sambal Sotong,18.79,4-CZDHLA3KV4J3DA
Ice Kacang,22.96,4-CZDHLA3KV4J3DA
Katong Laksa,25.31,4-CZDHLA3KV4J3DA
Nasi Lemak with Fried Chicken,27.71,4-CZDHLA3KV4J3DA
Tau Huay,20.43,4-CZDHLA3KV4J3DA
Nasi Lemak,13.56,4-CZDHLA3KV4J3DA
Roti Canai,20.53,4-CZDHLA3KV4J3DA
Sugarcane Juice,13.97,4-C2EAVNCFCCJBVX
Wonton Mee,14.76,4-C2EAVNCFCCJBVX
Yang Zhou Fried Rice,7.6,4-C2EAVNCFCCJBVX
Fishball Noodles,13.25,4-C2EAVNCFCCJBVX
Sweet & Sour Pork,9.12,4-C2EAVNCFCCJBVX
Stir-fried Kailan,11.99,4-C2EAVNCFCCJBVX
Hot & Sour Soup,10.18,4-C2EAVNCFCCJBVX
Braised Pork Belly,7.64,4-C2EAVNCFCCJBVX
Kung Pao Chicken,9.63,4-C2EAVNCFCCJBVX
Char Siew Rice,12.39,4-C2EAVNCFCCJBVX
Nasi Lemak,22.47,4-C7NUG33XGF3YRA
Char Kway Teow,26.81,4-C7NUG33XGF3YRA
Roti Canai,27.96,4-C7NUG33XGF3YRA
Satay Skewers,24.2,4-C7NUG33XGF3YRA
Roti Canai (Set 2),19.51,4-C7NUG33XGF3YRA
Char Kway Teow (Set 2),14.48,4-C7NUG33XGF3YRA
Satay Skewers (Set 2),22.51,4-C7NUG33XGF3YRA
Chef's Special Combo,26.09,4-C7NUG33XGF3YRA
House Signature Dish,19.66,4-C7NUG33XGF3YRA
Today's Recommendation,23.41,4-C7NUG33XGF3YRA
Nasi Lemak with Fried Chicken,18.38,4-C3JVA66XDEMCAN
Nasi Lemak with Sambal Sotong,19.46,4-C3JVA66XDEMCAN
Katong Laksa,16.66,4-C3JVA66XDEMCAN
Curry Laksa,19.18,4-C3JVA66XDEMCAN
Prawn Laksa,23.23,4-C3JVA66XDEMCAN
Chef's Special Combo,15.7,4-C3JVA66XDEMCAN
Chef's Special Combo (Set 2),15.63,4-C3JVA66XDEMCAN
Nasi Lemak with Sambal Sotong (Set 2),22.14,4-C3JVA66XDEMCAN
Chef's Special Combo (Set 2),18.74,4-C3JVA66XDEMCAN
Nasi Lemak with Fried Chicken (Set 2),23.25,4-C3JVA66XDEMCAN
Salmon Sashimi,32.66,4-C7DEJEUACACJET
California Roll,25.28,4-C7DEJEUACACJET
Chicken Katsu,49.14,4-C7DEJEUACACJET
Tempura Udon,52.04,4-C7DEJEUACACJET
Tempura Udon (Set 2),45.33,4-C7DEJEUACACJET
Daily Special Set,29.74,4-C7DEJEUACACJET
Today's Recommendation,38.25,4-C7DEJEUACACJET
Tempura Udon (Set 2),35.37,4-C7DEJEUACACJET
Salmon Sashimi (Set 2),42.63,4-C7DEJEUACACJET
Tempura Udon (Set 2),44.17,4-C7DEJEUACACJET
Curry Puff,9.0,4-CYVFL2CDN2UEJ2
Popiah,8.27,4-CYVFL2CDN2UEJ2
Spring Rolls,4.53,4-CYVFL2CDN2UEJ2
Today's Recommendation,5.91,4-CYVFL2CDN2UEJ2
Popiah (Set 2),5.79,4-CYVFL2CDN2UEJ2
Daily Special Set,5.48,4-CYVFL2CDN2UEJ2
Today's Recommendation (Set 2),7.5,4-CYVFL2CDN2UEJ2
Spring Rolls (Set 2),4.11,4-CYVFL2CDN2UEJ2
Daily Special Set (Set 2),8.15,4-CYVFL2CDN2UEJ2
House Signature Dish,5.98,4-CYVFL2CDN2UEJ2
Lasagna,8.01,4-C3JTGTBXJAXXR2
Dan Dan Noodles,5.1,4-C3JTGTBXJAXXR2
Braised Beef Noodles,4.95,4-C3JTGTBXJAXXR2
Dry Mee Pok,5.25,4-C3JTGTBXJAXXR2
Fishball Noodles,7.78,4-C3JTGTBXJAXXR2
Truffle Mushroom Pasta,7.84,4-C3JTGTBXJAXXR2
Carbonara,7.4,4-C3JTGTBXJAXXR2
Bolognese Spaghetti,4.68,4-C3JTGTBXJAXXR2
Risotto ai Funghi,4.49,4-C3JTGTBXJAXXR2
Wonton Mee,7.14,4-C3JTGTBXJAXXR2
Chicken Burrito,7.72,4-C761VRJHKABFE6
Beef Tacos,9.36,4-C761VRJHKABFE6
Nachos Supreme,12.98,4-C761VRJHKABFE6
Quesadilla,8.41,4-C761VRJHKABFE6
Chef's Special Combo,8.06,4-C761VRJHKABFE6
Chicken Burrito (Set 2),11.32,4-C761VRJHKABFE6
Quesadilla (Set 2),14.77,4-C761VRJHKABFE6
Chef's Special Combo (Set 2),11.25,4-C761VRJHKABFE6
Beef Tacos (Set 2),14.31,4-C761VRJHKABFE6
Daily Special Set,13.64,4-C761VRJHKABFE6
Mushroom Soup,13.88,4-C4NBJNMVAYXZME
Spicy Fried Chicken,12.79,4-C4NBJNMVAYXZME
Korean Fried Chicken,14.84,4-C4NBJNMVAYXZME
Roast Lamb Rack,14.74,4-C4NBJNMVAYXZME
Original Fried Chicken,13.44,4-C4NBJNMVAYXZME
Grilled Chicken Chop,9.93,4-C4NBJNMVAYXZME
Caesar Salad,13.33,4-C4NBJNMVAYXZME
Popcorn Chicken,7.11,4-C4NBJNMVAYXZME
Honey Glazed Wings,11.29,4-C4NBJNMVAYXZME
Beef Steak,10.64,4-C4NBJNMVAYXZME
Greek Salad,12.18,4-C2BTTP4CCX6VGT
Quinoa Salad,12.08,4-C2BTTP4CCX6VGT
Caesar Salad,10.71,4-C2BTTP4CCX6VGT
Salmon Sashimi,12.61,4-C2BTTP4CCX6VGT
Teriyaki Chicken Rice Bowl,12.19,4-C2BTTP4CCX6VGT
California Roll,7.93,4-C2BTTP4CCX6VGT
Tempura Udon,7.36,4-C2BTTP4CCX6VGT
Beef Don,7.3,4-C2BTTP4CCX6VGT
Salmon Poke Bowl,14.97,4-C2BTTP4CCX6VGT
Chicken Katsu,7.93,4-C2BTTP4CCX6VGT
Carbonara,10.11,4-C7CVEP6WVYTWVN
Aglio Olio,9.97,4-C7CVEP6WVYTWVN
Bolognese Spaghetti,14.6,4-C7CVEP6WVYTWVN
Truffle Mushroom Pasta,12.57,4-C7CVEP6WVYTWVN
Hokkien Mee,11.32,4-C7CVEP6WVYTWVN
Mee Rebus,11.7,4-C7CVEP6WVYTWVN
Rendang,12.81,4-C7CVEP6WVYTWVN
Today's Recommendation,14.08,4-C7CVEP6WVYTWVN
Hokkien Mee (Set 2),12.24,4-C7CVEP6WVYTWVN
Daily Special Set,13.67,4-C7CVEP6WVYTWVN
Greek Salad,7.79,SGDD11568
Herbal Chicken Soup,12.49,SGDD11568
Mushroom Soup,11.36,SGDD11568
Grilled Chicken Chop,14.82,SGDD11568
Roast Lamb Rack,9.87,SGDD11568
Caesar Salad,10.19,SGDD11568
Bak Kut Teh,8.52,SGDD11568
Sweet Corn Soup,7.98,SGDD11568
Fish & Chips,13.78,SGDD11568
Beef Steak,10.64,SGDD11568
Garlic Naan,8.64,4-C4D3DEU1T3LYDA
Chana Masala,13.64,4-C4D3DEU1T3LYDA
Butter Naan,11.43,4-C4D3DEU1T3LYDA
Butter Chicken,11.69,4-C4D3DEU1T3LYDA
Creamy Butter Chicken,13.5,4-C4D3DEU1T3LYDA
Vegetable Biryani,8.86,4-C4D3DEU1T3LYDA
Palak Paneer,13.19,4-C4D3DEU1T3LYDA
Chicken Tikka Masala,13.31,4-C4D3DEU1T3LYDA
Chicken Biryani,11.77,4-C4D3DEU1T3LYDA
Mutton Biryani,9.22,4-C4D3DEU1T3LYDA
Palak Paneer,13.32,4-C32KFE3EFB31T2
Cheese Naan,8.9,4-C32KFE3EFB31T2
Chicken Biryani,9.59,4-C32KFE3EFB31T2
Vegetable Biryani,8.39,4-C32KFE3EFB31T2
Chicken Tikka Masala,7.42,4-C32KFE3EFB31T2
Butter Chicken,12.93,4-C32KFE3EFB31T2
Butter Naan,11.21,4-C32KFE3EFB31T2
Chana Masala,12.97,4-C32KFE3EFB31T2
Garlic Naan,10.81,4-C32KFE3EFB31T2
Mutton Biryani,13.22,4-C32KFE3EFB31T2
Club Sandwich,6.97,4-C2UTLUVJAYWHTX
Egg Mayo Sandwich,6.26,4-C2UTLUVJAYWHTX
Grilled Cheese Sandwich,5.11,4-C2UTLUVJAYWHTX
Tuna Sandwich,7.08,4-C2UTLUVJAYWHTX
Classic Cheeseburger,7.64,4-C2UTLUVJAYWHTX
Double Beef Burger,8.54,4-C2UTLUVJAYWHTX
Crispy Chicken Burger,7.29,4-C2UTLUVJAYWHTX
Mushroom Swiss Burger,5.51,4-C2UTLUVJAYWHTX
BBQ Bacon Burger,7.22,4-C2UTLUVJAYWHTX
Classic Cheeseburger (Set 2),4.16,4-C2UTLUVJAYWHTX
Cappuccino,11.87,4-C6AZTZJDEEUUUA
Flat White,7.53,4-C6AZTZJDEEUUUA
Cheesecake,9.2,4-C6AZTZJDEEUUUA
Chocolate Fudge Cake,12.06,4-C6AZTZJDEEUUUA
Fish & Chips,11.39,4-C6AZTZJDEEUUUA
Carrot Cake,9.6,4-C6AZTZJDEEUUUA
Iced Latte,14.96,4-C6AZTZJDEEUUUA
Grilled Chicken Chop,11.24,4-C6AZTZJDEEUUUA
Red Velvet Cake,10.63,4-C6AZTZJDEEUUUA
Beef Steak,11.84,4-C6AZTZJDEEUUUA
Nasi Padang,7.25,4-C6EFRUMTJU2JBA
Beef Rendang,7.84,4-C6EFRUMTJU2JBA
Gado Gado,7.6,4-C6EFRUMTJU2JBA
Sate Ayam,5.08,4-C6EFRUMTJU2JBA
Grilled Chicken Thigh,6.26,4-C6EFRUMTJU2JBA
Chicken Cutlet,5.14,4-C6EFRUMTJU2JBA
Sesame Chicken,5.69,4-C6EFRUMTJU2JBA
House Signature Dish,6.27,4-C6EFRUMTJU2JBA
House Signature Dish (Set 2),6.08,4-C6EFRUMTJU2JBA
Sesame Chicken (Set 2),4.48,4-C6EFRUMTJU2JBA
Char Siew Rice,25.48,4-CYU2V2KFCGLXTJ
Mapo Tofu,14.4,4-CYU2V2KFCGLXTJ
Herbal Chicken Soup,14.45,4-CYU2V2KFCGLXTJ
Steamed Fish with Ginger,24.08,4-CYU2V2KFCGLXTJ
Bak Kut Teh,25.18,4-CYU2V2KFCGLXTJ
Kung Pao Chicken,21.35,4-CYU2V2KFCGLXTJ
Stir-fried Kailan,21.8,4-CYU2V2KFCGLXTJ
Yang Zhou Fried Rice,21.42,4-CYU2V2KFCGLXTJ
Braised Pork Belly,17.94,4-CYU2V2KFCGLXTJ
Salted Egg Prawns,14.83,4-CYU2V2KFCGLXTJ
Double Beef Burger,4.77,4-C2JFDFCBEA6EWA
Egg Mayo Sandwich,6.41,4-C2JFDFCBEA6EWA
Crispy Chicken Burger,8.24,4-C2JFDFCBEA6EWA
Salmon Sashimi,5.75,4-C2JFDFCBEA6EWA
Classic Cheeseburger,6.78,4-C2JFDFCBEA6EWA
BBQ Bacon Burger,4.57,4-C2JFDFCBEA6EWA
Chicken Katsu,5.39,4-C2JFDFCBEA6EWA
Club Sandwich,5.13,4-C2JFDFCBEA6EWA
Mushroom Swiss Burger,6.15,4-C2JFDFCBEA6EWA
California Roll,6.8,4-C2JFDFCBEA6EWA
Salmon Sashimi,22.64,4-C8CJTP2YLJL3VT
California Roll,13.39,4-C8CJTP2YLJL3VT
Chicken Katsu,26.94,4-C8CJTP2YLJL3VT
Tempura Udon,25.44,4-C8CJTP2YLJL3VT
Chicken Katsu Bento,17.01,4-C8CJTP2YLJL3VT
Salmon Teriyaki Bento,15.71,4-C8CJTP2YLJL3VT
Tempura Bento,23.54,4-C8CJTP2YLJL3VT
Salmon Teriyaki Bento (Set 2),17.63,4-C8CJTP2YLJL3VT
Salmon Teriyaki Bento (Set 2),18.1,4-C8CJTP2YLJL3VT
Tempura Bento (Set 2),13.09,4-C8CJTP2YLJL3VT
Mango Sticky Rice,12.97,4-C3LGR6M3C8EXCE
Chendol,8.72,4-C3LGR6M3C8EXCE
Ice Kacang,10.36,4-C3LGR6M3C8EXCE
Tau Huay,9.73,4-C3LGR6M3C8EXCE
Daily Special Set,9.96,4-C3LGR6M3C8EXCE
Ice Kacang (Set 2),12.77,4-C3LGR6M3C8EXCE
House Signature Dish,13.21,4-C3LGR6M3C8EXCE
Daily Special Set (Set 2),11.54,4-C3LGR6M3C8EXCE
Chef's Special Combo,7.68,4-C3LGR6M3C8EXCE
House Signature Dish (Set 2),7.42,4-C3LGR6M3C8EXCE
Flat White,7.4,4-C6UCL22WT2D1SA
Cappuccino,7.65,4-C6UCL22WT2D1SA
Iced Latte,10.54,4-C6UCL22WT2D1SA
Espresso,10.39,4-C6UCL22WT2D1SA
Club Sandwich,11.86,4-C6UCL22WT2D1SA
Egg Mayo Sandwich,10.31,4-C6UCL22WT2D1SA
Grilled Cheese Sandwich,8.72,4-C6UCL22WT2D1SA
Tuna Sandwich,11.1,4-C6UCL22WT2D1SA
Daily Special Set,9.76,4-C6UCL22WT2D1SA
Egg Mayo Sandwich (Set 2),7.89,4-C6UCL22WT2D1SA
Spicy Peanut Noodles,14.56,4-C73UGXWAPCNBJA
Salted Egg Prawns,13.14,4-C73UGXWAPCNBJA
Braised Pork Belly,13.11,4-C73UGXWAPCNBJA
Yang Zhou Fried Rice,9.32,4-C73UGXWAPCNBJA
Char Siew Rice,7.96,4-C73UGXWAPCNBJA
Beef Brisket Noodles,10.98,4-C73UGXWAPCNBJA
Sesame Noodles,10.45,4-C73UGXWAPCNBJA
Hokkien Mee,8.03,4-C73UGXWAPCNBJA
Hand-Pulled Noodles,11.26,4-C73UGXWAPCNBJA
Steamed Fish with Ginger,8.84,4-C73UGXWAPCNBJA
Tom Yum Soup,13.89,4-CYWCATD3GAWTRN
Green Curry Chicken,7.34,4-CYWCATD3GAWTRN
Mango Sticky Rice,7.15,4-CYWCATD3GAWTRN
Pad Thai Chicken,14.37,4-CYWCATD3GAWTRN
Pad Thai Prawn,13.9,4-CYWCATD3GAWTRN
Vegetarian Pad Thai,11.61,4-CYWCATD3GAWTRN
Pad Thai Prawn (Set 2),11.59,4-CYWCATD3GAWTRN
Green Curry Chicken (Set 2),12.68,4-CYWCATD3GAWTRN
House Signature Dish,10.34,4-CYWCATD3GAWTRN
Mango Sticky Rice (Set 2),7.92,4-CYWCATD3GAWTRN
Grilled Chicken Chop,7.85,4-C34WEEW1ECKAC6
Roast Lamb Rack,10.49,4-C34WEEW1ECKAC6
Beef Steak,10.2,4-C34WEEW1ECKAC6
Grilled Cheese Sandwich,7.63,4-C34WEEW1ECKAC6
Carrot Cake,13.96,4-C34WEEW1ECKAC6
Red Velvet Cake,12.97,4-C34WEEW1ECKAC6
Greek Salad,8.77,4-C34WEEW1ECKAC6
Fish & Chips,13.23,4-C34WEEW1ECKAC6
Chocolate Fudge Cake,7.61,4-C34WEEW1ECKAC6
Club Sandwich,12.07,4-C34WEEW1ECKAC6
Char Siew Rice,9.05,4-C4DGKA4GN4CDE2
Seafood Fried Rice,8.39,4-C4DGKA4GN4CDE2
Taro Milk Tea,8.22,4-C4DGKA4GN4CDE2
Mapo Tofu,13.07,4-C4DGKA4GN4CDE2
Egg Fried Rice,7.6,4-C4DGKA4GN4CDE2
Classic Milk Tea,14.61,4-C4DGKA4GN4CDE2
Kung Pao Chicken,12.02,4-C4DGKA4GN4CDE2
Yang Zhou Fried Rice,10.71,4-C4DGKA4GN4CDE2
Sweet & Sour Pork,11.51,4-C4DGKA4GN4CDE2
Hot & Sour Soup,11.64,4-C4DGKA4GN4CDE2
Bolognese Spaghetti,7.16,4-C6E2RBDBNA5GNA
Aglio Olio,7.98,4-C6E2RBDBNA5GNA
Truffle Mushroom Pasta,6.96,4-C6E2RBDBNA5GNA
Pepperoni Pizza,5.76,4-C6E2RBDBNA5GNA
Carbonara,4.37,4-C6E2RBDBNA5GNA
Risotto ai Funghi,6.31,4-C6E2RBDBNA5GNA
Osso Buco,4.19,4-C6E2RBDBNA5GNA
Lasagna,5.84,4-C6E2RBDBNA5GNA
BBQ Chicken Pizza,5.44,4-C6E2RBDBNA5GNA
Hawaiian Pizza,7.22,4-C6E2RBDBNA5GNA
Tom Yum Soup,11.92,4-C2E3GCCFEEWXAN
Green Curry Chicken,11.06,4-C2E3GCCFEEWXAN
Mango Sticky Rice,10.7,4-C2E3GCCFEEWXAN
Fish Head Curry,11.43,4-C2E3GCCFEEWXAN
Mutton Curry,13.33,4-C2E3GCCFEEWXAN
Vegetable Curry,14.17,4-C2E3GCCFEEWXAN
Pad Thai Chicken,10.6,4-C2E3GCCFEEWXAN
Pad Thai Prawn,13.48,4-C2E3GCCFEEWXAN
Vegetarian Pad Thai,12.21,4-C2E3GCCFEEWXAN
House Signature Dish,9.57,4-C2E3GCCFEEWXAN
Chef's Special Combo,14.86,4-C6NGWFJEAKU3AJ
House Signature Dish,7.67,4-C6NGWFJEAKU3AJ
Daily Special Set,12.17,4-C6NGWFJEAKU3AJ
Today's Recommendation,7.31,4-C6NGWFJEAKU3AJ
Today's Recommendation (Set 2),12.66,4-C6NGWFJEAKU3AJ
Daily Special Set (Set 2),14.93,4-C6NGWFJEAKU3AJ
Chef's Special Combo (Set 2),11.19,4-C6NGWFJEAKU3AJ
Today's Recommendation (Set 2),11.88,4-C6NGWFJEAKU3AJ
House Signature Dish (Set 2),9.91,4-C6NGWFJEAKU3AJ
House Signature Dish (Set 2),14.34,4-C6NGWFJEAKU3AJ
Shoyu Ramen,21.37,SGDD00979
Dry Mee Pok,18.8,SGDD00979
Miso Ramen,16.78,SGDD00979
Braised Beef Noodles,25.77,SGDD00979
Dan Dan Noodles,27.47,SGDD00979
Salmon Sashimi,22.04,SGDD00979
Prawn Noodle Soup,15.26,SGDD00979
Wonton Mee,14.22,SGDD00979
Chicken Katsu,22.95,SGDD00979
Fishball Noodles,26.75,SGDD00979
Steamed Fish with Ginger,13.51,4-C7L1NP5VEEKJG2
Char Siew Rice,12.36,4-C7L1NP5VEEKJG2
Kung Pao Chicken,13.63,4-C7L1NP5VEEKJG2
Salted Egg Prawns,12.91,4-C7L1NP5VEEKJG2
Mapo Tofu,12.48,4-C7L1NP5VEEKJG2
Braised Pork Belly,11.21,4-C7L1NP5VEEKJG2
Hot & Sour Soup,12.17,4-C7L1NP5VEEKJG2
Yang Zhou Fried Rice,10.39,4-C7L1NP5VEEKJG2
Sweet & Sour Pork,9.89,4-C7L1NP5VEEKJG2
Stir-fried Kailan,9.9,4-C7L1NP5VEEKJG2
Iced Latte,8.22,4-C6NVFB3BTCDXTX
Espresso,4.51,4-C6NVFB3BTCDXTX
Sourdough Loaf,7.85,4-C6NVFB3BTCDXTX
Cinnamon Roll,8.18,4-C6NVFB3BTCDXTX
Cappuccino,8.42,4-C6NVFB3BTCDXTX
Garlic Bread,4.19,4-C6NVFB3BTCDXTX
Fish Head Curry,5.68,4-C6NVFB3BTCDXTX
Butter Croissant,7.83,4-C6NVFB3BTCDXTX
Flat White,4.66,4-C6NVFB3BTCDXTX
Mutton Curry,5.88,4-C6NVFB3BTCDXTX
Mapo Tofu,27.54,4-C2ADA2EACYTCNN
Spicy Tantanmen,22.16,4-C2ADA2EACYTCNN
Shoyu Ramen,24.29,4-C2ADA2EACYTCNN
Fishball Noodles,24.76,4-C2ADA2EACYTCNN
Sweet & Sour Pork,16.51,4-C2ADA2EACYTCNN
Char Siew Rice,16.59,4-C2ADA2EACYTCNN
Miso Ramen,27.48,4-C2ADA2EACYTCNN
Wonton Mee,24.77,4-C2ADA2EACYTCNN
Dan Dan Noodles,26.56,4-C2ADA2EACYTCNN
Yang Zhou Fried Rice,15.91,4-C2ADA2EACYTCNN
Kimchi Jjigae,19.93,4-C7UFCXLWAYEYSA
Tteokbokki,17.23,4-C7UFCXLWAYEYSA
Bulgogi Beef,18.73,4-C7UFCXLWAYEYSA
Korean Fried Chicken,20.91,4-C7UFCXLWAYEYSA
Beef Bibimbap,27.49,4-C7UFCXLWAYEYSA
Vegetable Bibimbap,25.25,4-C7UFCXLWAYEYSA
Spicy Bibimbap,25.02,4-C7UFCXLWAYEYSA
Spicy Bibimbap (Set 2),15.08,4-C7UFCXLWAYEYSA
Vegetable Bibimbap (Set 2),16.75,4-C7UFCXLWAYEYSA
Korean Fried Chicken (Set 2),22.62,4-C7UFCXLWAYEYSA
Flat White,9.18,4-C7WAE6NVAXWEVE
Cappuccino,14.24,4-C7WAE6NVAXWEVE
Iced Latte,8.18,4-C7WAE6NVAXWEVE
Espresso,10.5,4-C7WAE6NVAXWEVE
Cappuccino (Set 2),14.57,4-C7WAE6NVAXWEVE
House Signature Dish,8.78,4-C7WAE6NVAXWEVE
House Signature Dish (Set 2),10.61,4-C7WAE6NVAXWEVE
Flat White (Set 2),9.8,4-C7WAE6NVAXWEVE
House Signature Dish (Set 2),7.21,4-C7WAE6NVAXWEVE
Daily Special Set,7.43,4-C7WAE6NVAXWEVE
Stir-fried Kailan,13.71,4-C73FGCM2AGNYET
Yang Zhou Fried Rice,12.2,4-C73FGCM2AGNYET
Korean Fried Chicken,13.33,4-C73FGCM2AGNYET
Bulgogi Beef,8.1,4-C73FGCM2AGNYET
California Roll,9.3,4-C73FGCM2AGNYET
Tteokbokki,13.64,4-C73FGCM2AGNYET
Tempura Udon,12.57,4-C73FGCM2AGNYET
Salmon Sashimi,8.11,4-C73FGCM2AGNYET
Steamed Fish with Ginger,12.64,4-C73FGCM2AGNYET
Mapo Tofu,10.59,4-C73FGCM2AGNYET
Salmon Sashimi,16.84,4-CZDUHEJHWATWJX
California Roll,25.52,4-CZDUHEJHWATWJX
Chicken Katsu,21.23,4-CZDUHEJHWATWJX
Tempura Udon,23.91,4-CZDUHEJHWATWJX
Chicken Katsu Bento,20.92,4-CZDUHEJHWATWJX
Salmon Teriyaki Bento,14.67,4-CZDUHEJHWATWJX
Tempura Bento,17.32,4-CZDUHEJHWATWJX
Chef's Special Combo,17.52,4-CZDUHEJHWATWJX
House Signature Dish,13.72,4-CZDUHEJHWATWJX
Chef's Special Combo (Set 2),19.3,4-CZDUHEJHWATWJX
Chef's Special Combo,23.78,SGDD01002
House Signature Dish,17.37,SGDD01002
Daily Special Set,13.02,SGDD01002
Today's Recommendation,18.29,SGDD01002
Today's Recommendation (Set 2),21.56,SGDD01002
House Signature Dish (Set 2),15.81,SGDD01002
House Signature Dish (Set 2),23.02,SGDD01002
Today's Recommendation (Set 2),20.85,SGDD01002
Chef's Special Combo (Set 2),18.41,SGDD01002
Today's Recommendation (Set 2),27.3,SGDD01002
Egg Mayo Sandwich,14.85,4-CZCUCRKVCAMYVA
Club Sandwich,9.03,4-CZCUCRKVCAMYVA
Grilled Cheese Sandwich,7.13,4-CZCUCRKVCAMYVA
Braised Pork Belly,13.31,4-CZCUCRKVCAMYVA
Sweet Corn Soup,9.76,4-CZCUCRKVCAMYVA
Greek Salad,12.86,4-CZCUCRKVCAMYVA
Hot & Sour Soup,12.03,4-CZCUCRKVCAMYVA
Tuna Sandwich,13.17,4-CZCUCRKVCAMYVA
Herbal Chicken Soup,12.88,4-CZCUCRKVCAMYVA
Char Siew Rice,9.66,4-CZCUCRKVCAMYVA
Lasagna,8.46,4-C2LCJP6XFFUTTT
Aglio Olio,8.08,4-C2LCJP6XFFUTTT
Margherita Pizza,12.73,4-C2LCJP6XFFUTTT
Hawaiian Pizza,14.55,4-C2LCJP6XFFUTTT
Tiramisu,7.3,4-C2LCJP6XFFUTTT
Bolognese Spaghetti,8.61,4-C2LCJP6XFFUTTT
Pepperoni Pizza,13.33,4-C2LCJP6XFFUTTT
Osso Buco,14.09,4-C2LCJP6XFFUTTT
Carbonara,9.52,4-C2LCJP6XFFUTTT
Truffle Mushroom Pasta,9.48,4-C2LCJP6XFFUTTT
Margherita Pizza,9.19,4-C64ECF6XTE4HL2
Hawaiian Pizza,13.39,4-C64ECF6XTE4HL2
Pepperoni Pizza,10.5,4-C64ECF6XTE4HL2
Beef Steak,10.2,4-C64ECF6XTE4HL2
Grilled Chicken Chop,10.52,4-C64ECF6XTE4HL2
Fish & Chips,14.65,4-C64ECF6XTE4HL2
BBQ Chicken Pizza,9.71,4-C64ECF6XTE4HL2
Mushroom Soup,8.49,4-C64ECF6XTE4HL2
Roast Lamb Rack,12.54,4-C64ECF6XTE4HL2
Caesar Salad,9.94,4-C64ECF6XTE4HL2
Nasi Lemak with Sambal Sotong,14.54,4-C6VHE8CGCA4FCT
Katong Laksa,17.92,4-C6VHE8CGCA4FCT
Char Kway Teow,17.43,4-C6VHE8CGCA4FCT
Prawn Laksa,19.69,4-C6VHE8CGCA4FCT
Fresh Lime Juice,23.76,4-C6VHE8CGCA4FCT
Satay Skewers,15.5,4-C6VHE8CGCA4FCT
Iced Lemon Tea,19.66,4-C6VHE8CGCA4FCT
Nasi Lemak with Fried Chicken,19.71,4-C6VHE8CGCA4FCT
Roti Canai,23.9,4-C6VHE8CGCA4FCT
Curry Laksa,26.67,4-C6VHE8CGCA4FCT
Egg Mayo Sandwich,13.41,4-C7KGRNADC25JGE
Greek Salad,12.44,4-C7KGRNADC25JGE
Mushroom Soup,14.62,4-C7KGRNADC25JGE
Grilled Chicken Chop,8.14,4-C7KGRNADC25JGE
Fish & Chips,11.86,4-C7KGRNADC25JGE
Roast Lamb Rack,13.25,4-C7KGRNADC25JGE
Grilled Cheese Sandwich,7.28,4-C7KGRNADC25JGE
Caesar Salad,7.54,4-C7KGRNADC25JGE
Beef Steak,13.23,4-C7KGRNADC25JGE
Tuna Sandwich,9.93,4-C7KGRNADC25JGE
Char Siew Rice,11.24,4-C72KNKDWEFCFNN
Braised Pork Belly,10.18,4-C72KNKDWEFCFNN
Kung Pao Chicken,12.2,4-C72KNKDWEFCFNN
Mapo Tofu,9.0,4-C72KNKDWEFCFNN
Yang Zhou Fried Rice,7.91,4-C72KNKDWEFCFNN
Hot & Sour Soup,12.89,4-C72KNKDWEFCFNN
Steamed Fish with Ginger,10.99,4-C72KNKDWEFCFNN
Sweet & Sour Pork,10.1,4-C72KNKDWEFCFNN
Stir-fried Kailan,11.49,4-C72KNKDWEFCFNN
Salted Egg Prawns,9.09,4-C72KNKDWEFCFNN
Carbonara,8.38,4-C2LCJP6XFFUTTT
Truffle Mushroom Pasta,12.71,4-C2LCJP6XFFUTTT
Osso Buco,14.98,4-C2LCJP6XFFUTTT
BBQ Chicken Pizza,13.48,4-C2LCJP6XFFUTTT
Hawaiian Pizza,14.74,4-C2LCJP6XFFUTTT
Risotto ai Funghi,14.89,4-C2LCJP6XFFUTTT
Lasagna,12.34,4-C2LCJP6XFFUTTT
Bolognese Spaghetti,12.68,4-C2LCJP6XFFUTTT
Aglio Olio,11.4,4-C2LCJP6XFFUTTT
Margherita Pizza,9.32,4-C2LCJP6XFFUTTT
Steamed Fish with Ginger,13.34,4-C4KBCYMTFBLVNE
Steamboat Set,8.89,4-C4KBCYMTFBLVNE
Kung Pao Chicken,10.95,4-C4KBCYMTFBLVNE
Grilled Prawns,9.89,4-C4KBCYMTFBLVNE
Chili Crab,11.58,4-C4KBCYMTFBLVNE
Salt & Pepper Squid,10.74,4-C4KBCYMTFBLVNE
Mapo Tofu,14.86,4-C4KBCYMTFBLVNE
Yang Zhou Fried Rice,8.04,4-C4KBCYMTFBLVNE
Braised Pork Belly,14.07,4-C4KBCYMTFBLVNE
Sweet & Sour Pork,7.53,4-C4KBCYMTFBLVNE
Char Siew Rice,10.6,4-C7WBJKEKAA5TRT
Hot & Sour Soup,12.44,4-C7WBJKEKAA5TRT
Salted Egg Prawns,9.76,4-C7WBJKEKAA5TRT
Stir-fried Kailan,14.02,4-C7WBJKEKAA5TRT
Yang Zhou Fried Rice,13.24,4-C7WBJKEKAA5TRT
Steamed Fish with Ginger,12.12,4-C7WBJKEKAA5TRT
Braised Pork Belly,8.46,4-C7WBJKEKAA5TRT
Mapo Tofu,14.73,4-C7WBJKEKAA5TRT
Sweet & Sour Pork,10.46,4-C7WBJKEKAA5TRT
Kung Pao Chicken,14.29,4-C7WBJKEKAA5TRT
Grilled Chicken Chop,14.58,4-C64ECF6XTE4HL2
Fish & Chips,11.15,4-C64ECF6XTE4HL2
Beef Steak,9.27,4-C64ECF6XTE4HL2
Pepperoni Pizza,7.63,4-C64ECF6XTE4HL2
Hawaiian Pizza,8.57,4-C64ECF6XTE4HL2
Roast Lamb Rack,14.65,4-C64ECF6XTE4HL2
Margherita Pizza,9.2,4-C64ECF6XTE4HL2
Caesar Salad,12.0,4-C64ECF6XTE4HL2
BBQ Chicken Pizza,11.92,4-C64ECF6XTE4HL2
Mushroom Soup,7.75,4-C64ECF6XTE4HL2
Mapo Tofu,7.36,4-CZCUCRKVCAMYVA
Grilled Cheese Sandwich,12.13,4-CZCUCRKVCAMYVA
Steamed Fish with Ginger,11.61,4-CZCUCRKVCAMYVA
Tuna Sandwich,12.21,4-CZCUCRKVCAMYVA
Herbal Chicken Soup,13.14,4-CZCUCRKVCAMYVA
Greek Salad,10.33,4-CZCUCRKVCAMYVA
Salted Egg Prawns,12.11,4-CZCUCRKVCAMYVA
Braised Pork Belly,10.98,4-CZCUCRKVCAMYVA
Sweet Corn Soup,12.02,4-CZCUCRKVCAMYVA
Sweet & Sour Pork,9.32,4-CZCUCRKVCAMYVA
Mango Sticky Rice,13.44,4-C8CWDEUJMCLFLA
Chendol,12.48,4-C8CWDEUJMCLFLA
Ice Kacang,9.38,4-C8CWDEUJMCLFLA
Tau Huay,7.58,4-C8CWDEUJMCLFLA
Curry Puff,7.48,4-C8CWDEUJMCLFLA
Popiah,10.52,4-C8CWDEUJMCLFLA
Spring Rolls,10.87,4-C8CWDEUJMCLFLA
Mango Sticky Rice (Set 2),8.63,4-C8CWDEUJMCLFLA
Tau Huay (Set 2),11.85,4-C8CWDEUJMCLFLA
Today's Recommendation,9.5,4-C8CWDEUJMCLFLA
Spicy Hot Pot Combo,8.93,4-C7VDEJJKCA3BTE
Mapo Tofu,7.98,4-C7VDEJJKCA3BTE
Steamboat Set,10.6,4-C7VDEJJKCA3BTE
Char Siew Rice,8.13,4-C7VDEJJKCA3BTE
Kung Pao Chicken,7.4,4-C7VDEJJKCA3BTE
Stir-fried Kailan,14.56,4-C7VDEJJKCA3BTE
Hot & Sour Soup,13.91,4-C7VDEJJKCA3BTE
Steamed Fish with Ginger,10.35,4-C7VDEJJKCA3BTE
Braised Pork Belly,14.7,4-C7VDEJJKCA3BTE
Sweet & Sour Pork,14.22,4-C7VDEJJKCA3BTE
Chicken Burrito,8.52,SGDD03136
Beef Tacos,8.27,SGDD03136
Nachos Supreme,14.97,SGDD03136
Quesadilla,10.73,SGDD03136
Greek Salad,14.03,SGDD03136
Caesar Salad,10.98,SGDD03136
Quinoa Salad,7.72,SGDD03136
Beef Tacos (Set 2),10.15,SGDD03136
Caesar Salad (Set 2),10.66,SGDD03136
Beef Tacos (Set 2),8.93,SGDD03136
Espresso,8.24,4-CZDWARLXDBJYKE
Dry Mee Pok,6.15,4-CZDWARLXDBJYKE
Wonton Mee,8.41,4-CZDWARLXDBJYKE
Red Velvet Cake,7.64,4-CZDWARLXDBJYKE
Fishball Noodles,7.82,4-CZDWARLXDBJYKE
Cappuccino,5.83,4-CZDWARLXDBJYKE
Iced Latte,6.0,4-CZDWARLXDBJYKE
Braised Beef Noodles,6.85,4-CZDWARLXDBJYKE
Carrot Cake,4.97,4-CZDWARLXDBJYKE
Chocolate Fudge Cake,6.77,4-CZDWARLXDBJYKE
Beef Rendang,9.99,4-CYLJWGJYEX5EDE
Iced Latte,14.89,4-CYLJWGJYEX5EDE
Espresso,11.46,4-CYLJWGJYEX5EDE
Nasi Lemak with Fried Chicken,9.92,4-CYLJWGJYEX5EDE
Flat White,8.15,4-CYLJWGJYEX5EDE
Gado Gado,11.82,4-CYLJWGJYEX5EDE
Nasi Padang,10.21,4-CYLJWGJYEX5EDE
Sate Ayam,7.32,4-CYLJWGJYEX5EDE
Cappuccino,7.31,4-CYLJWGJYEX5EDE
Nasi Lemak with Sambal Sotong,12.71,4-CYLJWGJYEX5EDE
Butter Naan,18.89,4-C6AXGAXGGYL2CT
Garlic Naan,22.25,4-C6AXGAXGGYL2CT
Cheese Naan,25.64,4-C6AXGAXGGYL2CT
Chicken Tikka Masala,21.91,4-C6AXGAXGGYL2CT
Fish Head Curry,20.61,4-C6AXGAXGGYL2CT
Mutton Curry,20.65,4-C6AXGAXGGYL2CT
Vegetable Curry,20.35,4-C6AXGAXGGYL2CT
Chana Masala,21.44,4-C6AXGAXGGYL2CT
Palak Paneer,20.12,4-C6AXGAXGGYL2CT
Butter Chicken,13.25,4-C6AXGAXGGYL2CT
Mutton Curry,21.75,4-CZJVNT5XJ7V3TA
Chicken Tikka Masala,15.56,4-CZJVNT5XJ7V3TA
Vegetable Curry,22.44,4-CZJVNT5XJ7V3TA
Fish Head Curry,22.3,4-CZJVNT5XJ7V3TA
Palak Paneer,25.62,4-CZJVNT5XJ7V3TA
Butter Chicken,15.22,4-CZJVNT5XJ7V3TA
Chana Masala,23.21,4-CZJVNT5XJ7V3TA
Mutton Biryani,13.47,4-CZJVNT5XJ7V3TA
Chicken Biryani,27.22,4-CZJVNT5XJ7V3TA
Vegetable Biryani,14.65,4-CZJVNT5XJ7V3TA
Grilled Chicken Chop,19.62,4-C2THVYVKT6UKCA
Fish & Chips,19.28,4-C2THVYVKT6UKCA
Beef Steak,19.19,4-C2THVYVKT6UKCA
Caesar Salad,16.06,4-C2THVYVKT6UKCA
Mushroom Soup,20.53,4-C2THVYVKT6UKCA
Roast Lamb Rack,22.17,4-C2THVYVKT6UKCA
BBQ Pork Ribs,20.07,4-C2THVYVKT6UKCA
Grilled Satay Platter,25.73,4-C2THVYVKT6UKCA
BBQ Chicken Wings,23.91,4-C2THVYVKT6UKCA
Chef's Special Combo,23.59,4-C2THVYVKT6UKCA
Lasagna,11.49,4-C2XUWACYVTWXME
Risotto ai Funghi,14.98,4-C2XUWACYVTWXME
Tiramisu,10.83,4-C2XUWACYVTWXME
Osso Buco,10.01,4-C2XUWACYVTWXME
Margherita Pizza,14.65,4-C2XUWACYVTWXME
Pepperoni Pizza,10.68,4-C2XUWACYVTWXME
Hawaiian Pizza,11.27,4-C2XUWACYVTWXME
BBQ Chicken Pizza,11.37,4-C2XUWACYVTWXME
Margherita Pizza (Set 2),12.41,4-C2XUWACYVTWXME
Today's Recommendation,13.94,4-C2XUWACYVTWXME
Mutton Biryani,14.53,4-C4EUGETXRPUVC2
Vegetable Biryani,14.86,4-C4EUGETXRPUVC2
Butter Chicken with Naan,13.17,4-C4EUGETXRPUVC2
Mutton Curry,12.64,4-C4EUGETXRPUVC2
Chana Masala,12.52,4-C4EUGETXRPUVC2
Chicken Tikka Masala,10.91,4-C4EUGETXRPUVC2
Palak Paneer,10.84,4-C4EUGETXRPUVC2
Chicken Biryani,11.48,4-C4EUGETXRPUVC2
Creamy Butter Chicken,14.48,4-C4EUGETXRPUVC2
Butter Chicken,12.77,4-C4EUGETXRPUVC2
Salted Egg Prawns,7.34,4-CY23VKEUCUA1CA
Sweet & Sour Pork,14.64,4-CY23VKEUCUA1CA
Tempura Bento,7.63,4-CY23VKEUCUA1CA
Teriyaki Chicken Rice Bowl,14.39,4-CY23VKEUCUA1CA
Stir-fried Kailan,12.25,4-CY23VKEUCUA1CA
Char Siew Rice,12.98,4-CY23VKEUCUA1CA
Salmon Poke Bowl,8.71,4-CY23VKEUCUA1CA
Mapo Tofu,13.62,4-CY23VKEUCUA1CA
Kung Pao Chicken,9.17,4-CY23VKEUCUA1CA
Hot & Sour Soup,11.5,4-CY23VKEUCUA1CA
Fish Head Curry,12.1,SGDD07393
Palak Paneer,7.42,SGDD07393
Chicken Tikka Masala,10.31,SGDD07393
Vegetable Biryani,12.74,SGDD07393
Chana Masala,7.8,SGDD07393
Mutton Biryani,13.17,SGDD07393
Butter Chicken,7.04,SGDD07393
Mutton Curry,11.4,SGDD07393
Cheese Naan,14.43,SGDD07393
Butter Naan,10.26,SGDD07393
Salmon Sashimi,8.6,4-CYXBCJDGNGE3EJ
California Roll,14.71,4-CYXBCJDGNGE3EJ
Chicken Katsu,9.57,4-CYXBCJDGNGE3EJ
Tempura Udon,12.17,4-CYXBCJDGNGE3EJ
Chicken Katsu Bento,14.26,4-CYXBCJDGNGE3EJ
Salmon Teriyaki Bento,7.72,4-CYXBCJDGNGE3EJ
Tempura Bento,11.59,4-CYXBCJDGNGE3EJ
Tempura Udon (Set 2),11.28,4-CYXBCJDGNGE3EJ
Tempura Udon (Set 2),12.78,4-CYXBCJDGNGE3EJ
Tempura Bento (Set 2),14.49,4-CYXBCJDGNGE3EJ
Greek Salad,10.34,4-C7MXA4N2NX6JLT
Caesar Salad,13.7,4-C7MXA4N2NX6JLT
Quinoa Salad,14.47,4-C7MXA4N2NX6JLT
Chicken Katsu Bento,7.29,4-C7MXA4N2NX6JLT
Salmon Teriyaki Bento,13.69,4-C7MXA4N2NX6JLT
Tempura Bento,13.3,4-C7MXA4N2NX6JLT
Fresh Orange Juice,8.49,4-C7MXA4N2NX6JLT
Iced Chrysanthemum Tea,12.99,4-C7MXA4N2NX6JLT
Soda Float,13.98,4-C7MXA4N2NX6JLT
Daily Special Set,9.32,4-C7MXA4N2NX6JLT
Sweet & Sour Pork,11.35,4-C6XYVNDJWBXEJN
Braised Pork Belly,10.95,4-C6XYVNDJWBXEJN
Steamed Fish with Ginger,14.51,4-C6XYVNDJWBXEJN
Salted Egg Prawns,13.81,4-C6XYVNDJWBXEJN
Braised Beef Noodles,10.74,4-C6XYVNDJWBXEJN
Dry Mee Pok,8.54,4-C6XYVNDJWBXEJN
Mapo Tofu,7.9,4-C6XYVNDJWBXEJN
Prawn Noodle Soup,8.3,4-C6XYVNDJWBXEJN
Hot & Sour Soup,10.67,4-C6XYVNDJWBXEJN
Dan Dan Noodles,9.06,4-C6XYVNDJWBXEJN
Chef's Special Combo,11.89,4-C3E3EFD3G3VCTN
House Signature Dish,12.11,4-C3E3EFD3G3VCTN
Daily Special Set,10.24,4-C3E3EFD3G3VCTN
Today's Recommendation,10.42,4-C3E3EFD3G3VCTN
Daily Special Set (Set 2),9.62,4-C3E3EFD3G3VCTN
Chef's Special Combo (Set 2),10.21,4-C3E3EFD3G3VCTN
House Signature Dish (Set 2),7.76,4-C3E3EFD3G3VCTN
Chef's Special Combo (Set 2),14.85,4-C3E3EFD3G3VCTN
Today's Recommendation (Set 2),10.82,4-C3E3EFD3G3VCTN
Daily Special Set (Set 2),14.49,4-C3E3EFD3G3VCTN
Chef's Special Combo,14.63,4-C4ACNJ5UV6LGA6
House Signature Dish,9.42,4-C4ACNJ5UV6LGA6
Daily Special Set,12.78,4-C4ACNJ5UV6LGA6
Today's Recommendation,7.09,4-C4ACNJ5UV6LGA6
Chef's Special Combo (Set 2),12.23,4-C4ACNJ5UV6LGA6
Chef's Special Combo (Set 2),12.54,4-C4ACNJ5UV6LGA6
Daily Special Set (Set 2),7.5,4-C4ACNJ5UV6LGA6
Today's Recommendation (Set 2),7.95,4-C4ACNJ5UV6LGA6
Today's Recommendation (Set 2),9.45,4-C4ACNJ5UV6LGA6
Chef's Special Combo (Set 2),10.24,4-C4ACNJ5UV6LGA6
Flat White,13.16,4-CYW1LZNWMCNJVA
Cappuccino,12.52,4-CYW1LZNWMCNJVA
Iced Latte,12.11,4-CYW1LZNWMCNJVA
Espresso,14.53,4-CYW1LZNWMCNJVA
Chocolate Fudge Cake,9.94,4-CYW1LZNWMCNJVA
Red Velvet Cake,8.77,4-CYW1LZNWMCNJVA
Cheesecake,14.66,4-CYW1LZNWMCNJVA
Carrot Cake,10.83,4-CYW1LZNWMCNJVA
Chocolate Fudge Cake (Set 2),10.64,4-CYW1LZNWMCNJVA
Carrot Cake (Set 2),14.91,4-CYW1LZNWMCNJVA
Mapo Tofu,13.99,4-CZBXVFVUJF3GVX
Char Siew Rice,7.65,4-CZBXVFVUJF3GVX
Spicy Mala Skewers,10.57,4-CZBXVFVUJF3GVX
Stir-fried Kailan,12.63,4-CZBXVFVUJF3GVX
Hot & Sour Soup,7.62,4-CZBXVFVUJF3GVX
Mala Hotpot Combo,11.51,4-CZBXVFVUJF3GVX
Yang Zhou Fried Rice,7.49,4-CZBXVFVUJF3GVX
Mala Xiang Guo,11.38,4-CZBXVFVUJF3GVX
Sweet & Sour Pork,11.04,4-CZBXVFVUJF3GVX
Steamed Fish with Ginger,11.58,4-CZBXVFVUJF3GVX
Wonton Mee,6.21,4-C7MKTTNHGXWCCX
Dan Dan Noodles,7.4,4-C7MKTTNHGXWCCX
Braised Beef Noodles,7.58,4-C7MKTTNHGXWCCX
Prawn Noodle Soup,6.44,4-C7MKTTNHGXWCCX
Fishball Noodles,8.49,4-C7MKTTNHGXWCCX
Dry Mee Pok,6.23,4-C7MKTTNHGXWCCX
Daily Special Set,4.28,4-C7MKTTNHGXWCCX
Daily Special Set (Set 2),4.66,4-C7MKTTNHGXWCCX
Dan Dan Noodles (Set 2),6.08,4-C7MKTTNHGXWCCX
Fishball Noodles (Set 2),6.82,4-C7MKTTNHGXWCCX
Red Velvet Cake,4.23,4-C2E2V3VCFF4GCX
Chocolate Fudge Cake,5.72,4-C2E2V3VCFF4GCX
Fresh Lime Juice,4.32,4-C2E2V3VCFF4GCX
Mango Sticky Rice,8.97,4-C2E2V3VCFF4GCX
Tau Huay,8.67,4-C2E2V3VCFF4GCX
Ice Kacang,4.35,4-C2E2V3VCFF4GCX
Cheesecake,8.67,4-C2E2V3VCFF4GCX
Chendol,4.16,4-C2E2V3VCFF4GCX
Iced Lemon Tea,6.04,4-C2E2V3VCFF4GCX
Carrot Cake,7.84,4-C2E2V3VCFF4GCX
Mango Sticky Rice,4.59,4-C7UYFBTKMFE2EE
Roast Lamb Rack,8.96,4-C7UYFBTKMFE2EE
Tau Huay,5.97,4-C7UYFBTKMFE2EE
Caesar Salad,4.64,4-C7UYFBTKMFE2EE
Chendol,8.89,4-C7UYFBTKMFE2EE
Ice Kacang,8.17,4-C7UYFBTKMFE2EE
Grilled Chicken Chop,7.78,4-C7UYFBTKMFE2EE
Beef Steak,8.89,4-C7UYFBTKMFE2EE
Mushroom Soup,6.32,4-C7UYFBTKMFE2EE
Fish & Chips,7.6,4-C7UYFBTKMFE2EE
Curry Puff,5.73,4-CYMFLRLTRA2WGX
Popiah,5.38,4-CYMFLRLTRA2WGX
Spring Rolls,8.69,4-CYMFLRLTRA2WGX
Today's Recommendation,7.63,4-CYMFLRLTRA2WGX
Curry Puff (Set 2),4.56,4-CYMFLRLTRA2WGX
Today's Recommendation (Set 2),8.05,4-CYMFLRLTRA2WGX
Spring Rolls (Set 2),6.1,4-CYMFLRLTRA2WGX
House Signature Dish,7.83,4-CYMFLRLTRA2WGX
House Signature Dish (Set 2),8.42,4-CYMFLRLTRA2WGX
Today's Recommendation (Set 2),4.08,4-CYMFLRLTRA2WGX
Butter Chicken,11.75,SGDD00055
Chicken Tikka Masala,10.57,SGDD00055
Palak Paneer,12.38,SGDD00055
Chana Masala,13.98,SGDD00055
Grilled Chicken Thigh,8.96,SGDD00055
Chicken Cutlet,7.35,SGDD00055
Sesame Chicken,10.51,SGDD00055
Today's Recommendation,11.32,SGDD00055
House Signature Dish,13.04,SGDD00055
House Signature Dish (Set 2),13.21,SGDD00055
Grilled Chicken Chop,13.53,4-C75GTNAHMBJ3AX
Fish & Chips,12.85,4-C75GTNAHMBJ3AX
Beef Steak,9.55,4-C75GTNAHMBJ3AX
Caesar Salad,11.78,4-C75GTNAHMBJ3AX
Mushroom Soup,12.38,4-C75GTNAHMBJ3AX
Roast Lamb Rack,9.57,4-C75GTNAHMBJ3AX
Daily Special Set,9.41,4-C75GTNAHMBJ3AX
Mushroom Soup (Set 2),8.15,4-C75GTNAHMBJ3AX
Grilled Chicken Chop (Set 2),12.28,4-C75GTNAHMBJ3AX
Today's Recommendation,8.77,4-C75GTNAHMBJ3AX
Kimchi Jjigae,21.35,4-C8BBUBLJV4EFME
Tteokbokki,21.88,4-C8BBUBLJV4EFME
Bulgogi Beef,24.03,4-C8BBUBLJV4EFME
Korean Fried Chicken,15.63,4-C8BBUBLJV4EFME
Beef Bibimbap,23.18,4-C8BBUBLJV4EFME
Vegetable Bibimbap,21.34,4-C8BBUBLJV4EFME
Spicy Bibimbap,13.7,4-C8BBUBLJV4EFME
Kimchi Jjigae (Set 2),18.17,4-C8BBUBLJV4EFME
Kimchi Jjigae (Set 2),22.65,4-C8BBUBLJV4EFME
Chef's Special Combo,18.72,4-C8BBUBLJV4EFME
Tom Yum Soup,8.19,4-C3UKME4JAPWXR6
Green Curry Chicken,10.01,4-C3UKME4JAPWXR6
Mango Sticky Rice,13.04,4-C3UKME4JAPWXR6
Pad Thai Chicken,10.79,4-C3UKME4JAPWXR6
Pad Thai Prawn,13.79,4-C3UKME4JAPWXR6
Vegetarian Pad Thai,9.41,4-C3UKME4JAPWXR6
Pad Thai Prawn (Set 2),12.66,4-C3UKME4JAPWXR6
Green Curry Chicken (Set 2),13.45,4-C3UKME4JAPWXR6
Mango Sticky Rice (Set 2),14.32,4-C3UKME4JAPWXR6
Mango Sticky Rice (Set 2),11.5,4-C3UKME4JAPWXR6
Salmon Sashimi,8.07,4-CYXBCJDGNGE3EJ
California Roll,8.94,4-CYXBCJDGNGE3EJ
Chicken Katsu,8.63,4-CYXBCJDGNGE3EJ
Tempura Udon,12.17,4-CYXBCJDGNGE3EJ
Chicken Katsu Bento,14.38,4-CYXBCJDGNGE3EJ
Salmon Teriyaki Bento,13.78,4-CYXBCJDGNGE3EJ
Tempura Bento,7.74,4-CYXBCJDGNGE3EJ
Chicken Katsu (Set 2),12.8,4-CYXBCJDGNGE3EJ
Chicken Katsu Bento (Set 2),8.52,4-CYXBCJDGNGE3EJ
Chicken Katsu Bento (Set 2),9.15,4-CYXBCJDGNGE3EJ
Household Essentials Pack,9.43,4-C4DUNYMVBAL2FA
Onigiri Rice Ball,14.27,4-C4DUNYMVBAL2FA
Ready-to-eat Meal Box,8.69,4-C4DUNYMVBAL2FA
Whisky Highball,8.52,4-C4DUNYMVBAL2FA
Soda Float,12.93,4-C4DUNYMVBAL2FA
House Red Wine,12.98,4-C4DUNYMVBAL2FA
Draft Beer,13.03,4-C4DUNYMVBAL2FA
Iced Chrysanthemum Tea,14.32,4-C4DUNYMVBAL2FA
Fresh Produce Box,12.57,4-C4DUNYMVBAL2FA
Fresh Orange Juice,12.63,4-C4DUNYMVBAL2FA
Vegetable Biryani,16.92,4-C6CHAK2DT6MGC6
Chana Masala,20.69,4-C6CHAK2DT6MGC6
Creamy Butter Chicken,20.46,4-C6CHAK2DT6MGC6
Mutton Biryani,14.48,4-C6CHAK2DT6MGC6
Chicken Biryani,27.72,4-C6CHAK2DT6MGC6
Mutton Curry,20.04,4-C6CHAK2DT6MGC6
Vegetable Curry,25.6,4-C6CHAK2DT6MGC6
Butter Chicken with Naan,26.71,4-C6CHAK2DT6MGC6
Palak Paneer,18.56,4-C6CHAK2DT6MGC6
Chicken Tikka Masala,19.21,4-C6CHAK2DT6MGC6
Flat White,8.22,4-CYU3N7KCECKGNX
Cappuccino,9.64,4-CYU3N7KCECKGNX
Iced Latte,10.04,4-CYU3N7KCECKGNX
Espresso,13.67,4-CYU3N7KCECKGNX
Today's Recommendation,10.99,4-CYU3N7KCECKGNX
Daily Special Set,12.24,4-CYU3N7KCECKGNX
Chef's Special Combo,12.48,4-CYU3N7KCECKGNX
Flat White (Set 2),9.06,4-CYU3N7KCECKGNX
Iced Latte (Set 2),13.57,4-CYU3N7KCECKGNX
Flat White (Set 2),14.73,4-CYU3N7KCECKGNX
Soda Float,8.47,4-C7UKEXKFT8JTT6
Beef Brisket Noodles,14.11,4-C7UKEXKFT8JTT6
Iced Chrysanthemum Tea,14.92,4-C7UKEXKFT8JTT6
Palak Paneer,14.66,4-C7UKEXKFT8JTT6
Sesame Noodles,11.19,4-C7UKEXKFT8JTT6
Fresh Orange Juice,13.71,4-C7UKEXKFT8JTT6
Chicken Tikka Masala,7.59,4-C7UKEXKFT8JTT6
Hand-Pulled Noodles,13.54,4-C7UKEXKFT8JTT6
Spicy Peanut Noodles,7.39,4-C7UKEXKFT8JTT6
Chana Masala,7.05,4-C7UKEXKFT8JTT6
Roti Canai,4.3,4-C7W1R3JDLY2AJ2
Satay Skewers,7.19,4-C7W1R3JDLY2AJ2
Char Kway Teow,8.67,4-C7W1R3JDLY2AJ2
Dan Dan Noodles,8.56,4-C7W1R3JDLY2AJ2
Prawn Noodle Soup,7.3,4-C7W1R3JDLY2AJ2
Nasi Lemak,4.08,4-C7W1R3JDLY2AJ2
Braised Beef Noodles,6.66,4-C7W1R3JDLY2AJ2
Dry Mee Pok,6.06,4-C7W1R3JDLY2AJ2
Fishball Noodles,4.08,4-C7W1R3JDLY2AJ2
Wonton Mee,7.61,4-C7W1R3JDLY2AJ2
Chicken Biryani,14.82,4-C6VKVBL3NYMTWE
Mutton Biryani,7.14,4-C6VKVBL3NYMTWE
Vegetable Biryani,13.51,4-C6VKVBL3NYMTWE
Butter Naan,12.39,4-C6VKVBL3NYMTWE
Garlic Naan,13.45,4-C6VKVBL3NYMTWE
Cheese Naan,14.28,4-C6VKVBL3NYMTWE
Fish Head Curry,7.86,4-C6VKVBL3NYMTWE
Mutton Curry,7.77,4-C6VKVBL3NYMTWE
Vegetable Curry,8.19,4-C6VKVBL3NYMTWE
Garlic Naan (Set 2),8.54,4-C6VKVBL3NYMTWE
Mutton Curry,16.65,4-C26KKB5KJRAKGX
Chicken Biryani,23.46,4-C26KKB5KJRAKGX
Mutton Biryani,17.5,4-C26KKB5KJRAKGX
Butter Chicken with Naan,25.42,4-C26KKB5KJRAKGX
Vegetable Biryani,14.21,4-C26KKB5KJRAKGX
Butter Chicken,27.88,4-C26KKB5KJRAKGX
Palak Paneer,22.75,4-C26KKB5KJRAKGX
Chana Masala,13.48,4-C26KKB5KJRAKGX
Creamy Butter Chicken,19.08,4-C26KKB5KJRAKGX
Vegetable Curry,18.66,4-C26KKB5KJRAKGX
Butter Chicken with Naan,14.35,4-C4D3DEU1T3LYDA
Butter Chicken,8.84,4-C4D3DEU1T3LYDA
Garlic Naan,14.21,4-C4D3DEU1T3LYDA
Palak Paneer,12.54,4-C4D3DEU1T3LYDA
Chicken Tikka Masala,11.53,4-C4D3DEU1T3LYDA
Chana Masala,9.17,4-C4D3DEU1T3LYDA
Vegetable Biryani,14.39,4-C4D3DEU1T3LYDA
Creamy Butter Chicken,12.48,4-C4D3DEU1T3LYDA
Butter Naan,9.24,4-C4D3DEU1T3LYDA
Chicken Biryani,11.34,4-C4D3DEU1T3LYDA
Sweet & Sour Pork,5.5,SGDD12541
Kung Pao Chicken,6.82,SGDD12541
Prawn Noodle Soup,6.83,SGDD12541
Mapo Tofu,8.25,SGDD12541
Braised Pork Belly,7.39,SGDD12541
Yang Zhou Fried Rice,6.7,SGDD12541
Salted Egg Prawns,5.92,SGDD12541
Fishball Noodles,7.7,SGDD12541
Char Siew Rice,7.95,SGDD12541
Dan Dan Noodles,7.45,SGDD12541
Chicken Tikka Masala,13.15,4-C4EUGETXRPUVC2
Vegetable Curry,14.64,4-C4EUGETXRPUVC2
Creamy Butter Chicken,10.17,4-C4EUGETXRPUVC2
Butter Chicken,13.19,4-C4EUGETXRPUVC2
Vegetable Biryani,7.24,4-C4EUGETXRPUVC2
Chana Masala,9.19,4-C4EUGETXRPUVC2
Mutton Curry,14.94,4-C4EUGETXRPUVC2
Mutton Biryani,10.92,4-C4EUGETXRPUVC2
Palak Paneer,9.85,4-C4EUGETXRPUVC2
Fish Head Curry,14.53,4-C4EUGETXRPUVC2
Ice Kacang,23.7,4-CZDHLA3KV4J3DA
Roti Canai,14.23,4-CZDHLA3KV4J3DA
Katong Laksa,15.31,4-CZDHLA3KV4J3DA
Nasi Lemak with Sambal Sotong,23.68,4-CZDHLA3KV4J3DA
Prawn Laksa,22.51,4-CZDHLA3KV4J3DA
Char Kway Teow,24.09,4-CZDHLA3KV4J3DA
Nasi Lemak with Fried Chicken,17.75,4-CZDHLA3KV4J3DA
Mango Sticky Rice,14.6,4-CZDHLA3KV4J3DA
Curry Laksa,13.08,4-CZDHLA3KV4J3DA
Tau Huay,17.62,4-CZDHLA3KV4J3DA
Mutton Curry,25.79,4-C7BBT8CZDFJJEE
Fish Head Curry,35.62,4-C7BBT8CZDFJJEE
Chicken Tikka Masala,27.79,4-C7BBT8CZDFJJEE
Chicken Biryani,42.94,4-C7BBT8CZDFJJEE
Butter Chicken,34.73,4-C7BBT8CZDFJJEE
Vegetable Curry,36.56,4-C7BBT8CZDFJJEE
Chana Masala,33.76,4-C7BBT8CZDFJJEE
Mutton Biryani,36.63,4-C7BBT8CZDFJJEE
Palak Paneer,27.54,4-C7BBT8CZDFJJEE
Vegetable Biryani,52.03,4-C7BBT8CZDFJJEE
Chicken Burrito,17.52,4-C6L3ERDYFACEGE
Beef Tacos,20.4,4-C6L3ERDYFACEGE
Nachos Supreme,13.95,4-C6L3ERDYFACEGE
Quesadilla,19.52,4-C6L3ERDYFACEGE
Today's Recommendation,19.32,4-C6L3ERDYFACEGE
Daily Special Set,20.26,4-C6L3ERDYFACEGE
Nachos Supreme (Set 2),14.15,4-C6L3ERDYFACEGE
Daily Special Set (Set 2),16.78,4-C6L3ERDYFACEGE
Daily Special Set (Set 2),16.7,4-C6L3ERDYFACEGE
Chicken Burrito (Set 2),22.38,4-C6L3ERDYFACEGE
Chicken Biryani,25.62,4-C7DWAY6GATLKNA
Vegetable Biryani,18.7,4-C7DWAY6GATLKNA
Chana Masala,25.93,4-C7DWAY6GATLKNA
Mutton Curry,19.6,4-C7DWAY6GATLKNA
Chicken Tikka Masala,19.46,4-C7DWAY6GATLKNA
Vegetable Curry,25.35,4-C7DWAY6GATLKNA
Palak Paneer,22.77,4-C7DWAY6GATLKNA
Butter Chicken,21.92,4-C7DWAY6GATLKNA
Mutton Biryani,17.51,4-C7DWAY6GATLKNA
Fish Head Curry,22.05,4-C7DWAY6GATLKNA
House Red Wine,14.72,4-C8BCVNU1R8LDRJ
Draft Beer,14.75,4-C8BCVNU1R8LDRJ
Whisky Highball,9.33,4-C8BCVNU1R8LDRJ
Instant Noodles Pack,12.56,4-C8BCVNU1R8LDRJ
Snack Bundle,10.93,4-C8BCVNU1R8LDRJ
Bottled Drink,11.61,4-C8BCVNU1R8LDRJ
Today's Recommendation,8.94,4-C8BCVNU1R8LDRJ
Instant Noodles Pack (Set 2),10.01,4-C8BCVNU1R8LDRJ
Draft Beer (Set 2),13.53,4-C8BCVNU1R8LDRJ
Daily Special Set,10.14,4-C8BCVNU1R8LDRJ
Fish & Chips,19.58,SGDD06424
Mushroom Swiss Burger,17.37,SGDD06424
Caesar Salad,23.39,SGDD06424
Beef Steak,25.28,SGDD06424
Roast Lamb Rack,24.93,SGDD06424
Mushroom Soup,19.14,SGDD06424
Grilled Chicken Chop,20.49,SGDD06424
Crispy Chicken Burger,22.5,SGDD06424
Double Beef Burger,16.63,SGDD06424
Classic Cheeseburger,22.88,SGDD06424
Butter Chicken,10.59,4-C6BVE33YVAUVAX
Chicken Tikka Masala,11.78,4-C6BVE33YVAUVAX
Palak Paneer,11.66,4-C6BVE33YVAUVAX
Chana Masala,11.27,4-C6BVE33YVAUVAX
Chicken Katsu Bento,14.39,4-C6BVE33YVAUVAX
Salmon Teriyaki Bento,13.96,4-C6BVE33YVAUVAX
Tempura Bento,10.35,4-C6BVE33YVAUVAX
Palak Paneer (Set 2),7.29,4-C6BVE33YVAUVAX
Palak Paneer (Set 2),14.75,4-C6BVE33YVAUVAX
House Signature Dish,12.61,4-C6BVE33YVAUVAX
Stir-fried Kailan,14.73,4-C73BN66YR7EJNN
Sweet & Sour Pork,9.65,4-C73BN66YR7EJNN
Salted Egg Prawns,13.37,4-C73BN66YR7EJNN
Char Siew Rice,7.85,4-C73BN66YR7EJNN
Hot & Sour Soup,7.79,4-C73BN66YR7EJNN
Kung Pao Chicken,8.78,4-C73BN66YR7EJNN
Mapo Tofu,12.97,4-C73BN66YR7EJNN
Steamed Fish with Ginger,11.46,4-C73BN66YR7EJNN
Braised Pork Belly,12.5,4-C73BN66YR7EJNN
Yang Zhou Fried Rice,8.77,4-C73BN66YR7EJNN
House Red Wine,10.7,4-C4DUNYMVAUW2NT
Draft Beer,12.44,4-C4DUNYMVAUW2NT
Whisky Highball,12.52,4-C4DUNYMVAUW2NT
Onigiri Rice Ball,8.21,4-C4DUNYMVAUW2NT
Ready-to-eat Meal Box,14.98,4-C4DUNYMVAUW2NT
Fresh Orange Juice,10.86,4-C4DUNYMVAUW2NT
Iced Chrysanthemum Tea,9.36,4-C4DUNYMVAUW2NT
Soda Float,14.36,4-C4DUNYMVAUW2NT
Draft Beer (Set 2),7.69,4-C4DUNYMVAUW2NT
Whisky Highball (Set 2),13.65,4-C4DUNYMVAUW2NT
Truffle Mushroom Pasta,20.14,4-C6NWVKKTVFTCT2
Tiramisu,19.57,4-C6NWVKKTVFTCT2
Pepperoni Pizza,23.45,4-C6NWVKKTVFTCT2
Margherita Pizza,17.78,4-C6NWVKKTVFTCT2
Aglio Olio,17.5,4-C6NWVKKTVFTCT2
Osso Buco,25.15,4-C6NWVKKTVFTCT2
Risotto ai Funghi,14.73,4-C6NWVKKTVFTCT2
Carbonara,25.74,4-C6NWVKKTVFTCT2
Hawaiian Pizza,22.72,4-C6NWVKKTVFTCT2
BBQ Chicken Pizza,23.16,4-C6NWVKKTVFTCT2
Chicken Biryani,14.44,4-C252FED2JKLKV6
Mutton Biryani,12.92,4-C252FED2JKLKV6
Vegetable Biryani,11.13,4-C252FED2JKLKV6
Butter Naan,11.42,4-C252FED2JKLKV6
Garlic Naan,9.65,4-C252FED2JKLKV6
Cheese Naan,10.41,4-C252FED2JKLKV6
Fish Head Curry,10.7,4-C252FED2JKLKV6
Mutton Curry,13.38,4-C252FED2JKLKV6
Vegetable Curry,12.04,4-C252FED2JKLKV6
Daily Special Set,8.49,4-C252FED2JKLKV6
Curry Puff,7.52,4-CZDVUF2VLKKFV2
Char Siew Rice,5.03,4-CZDVUF2VLKKFV2
Popiah,7.76,4-CZDVUF2VLKKFV2
Braised Pork Belly,8.04,4-CZDVUF2VLKKFV2
Yang Zhou Fried Rice,4.31,4-CZDVUF2VLKKFV2
Hot & Sour Soup,4.51,4-CZDVUF2VLKKFV2
Steamed Fish with Ginger,8.36,4-CZDVUF2VLKKFV2
Stir-fried Kailan,4.93,4-CZDVUF2VLKKFV2
Mapo Tofu,5.63,4-CZDVUF2VLKKFV2
Salted Egg Prawns,6.29,4-CZDVUF2VLKKFV2
Flat White,6.64,4-C7L1RX6VBGLKVT
Cappuccino,7.2,4-C7L1RX6VBGLKVT
Iced Latte,6.98,4-C7L1RX6VBGLKVT
Espresso,7.06,4-C7L1RX6VBGLKVT
Jasmine Green Tea,6.94,4-C7L1RX6VBGLKVT
Oolong Tea,5.74,4-C7L1RX6VBGLKVT
Earl Grey Tea,8.23,4-C7L1RX6VBGLKVT
Flat White (Set 2),7.09,4-C7L1RX6VBGLKVT
Earl Grey Tea (Set 2),8.07,4-C7L1RX6VBGLKVT
Espresso (Set 2),7.53,4-C7L1RX6VBGLKVT
Chicken Biryani,8.46,4-CZCFEKMTA6TXRE
Butter Naan,12.55,4-CZCFEKMTA6TXRE
Garlic Naan,11.09,4-CZCFEKMTA6TXRE
Chicken Tikka Masala,10.35,4-CZCFEKMTA6TXRE
Palak Paneer,8.1,4-CZCFEKMTA6TXRE
Butter Chicken with Naan,10.07,4-CZCFEKMTA6TXRE
Butter Chicken,8.49,4-CZCFEKMTA6TXRE
Creamy Butter Chicken,12.08,4-CZCFEKMTA6TXRE
Vegetable Biryani,12.55,4-CZCFEKMTA6TXRE
Mutton Biryani,12.16,4-CZCFEKMTA6TXRE
Butter Chicken,17.33,4-C7EJFGBYTPKXVE
Chicken Tikka Masala,15.81,4-C7EJFGBYTPKXVE
Palak Paneer,25.63,4-C7EJFGBYTPKXVE
Chana Masala,22.29,4-C7EJFGBYTPKXVE
Butter Chicken with Naan,25.98,4-C7EJFGBYTPKXVE
Creamy Butter Chicken,27.28,4-C7EJFGBYTPKXVE
Daily Special Set,20.27,4-C7EJFGBYTPKXVE
Butter Chicken with Naan (Set 2),15.93,4-C7EJFGBYTPKXVE
Daily Special Set (Set 2),18.76,4-C7EJFGBYTPKXVE
Chana Masala (Set 2),21.42,4-C7EJFGBYTPKXVE
Tom Yum Soup,23.65,4-C6EATNDTCXCYPE
Green Curry Chicken,19.66,4-C6EATNDTCXCYPE
Mango Sticky Rice,15.51,4-C6EATNDTCXCYPE
Chili Crab,21.48,4-C6EATNDTCXCYPE
Grilled Prawns,24.94,4-C6EATNDTCXCYPE
Salt & Pepper Squid,16.31,4-C6EATNDTCXCYPE
Chili Crab (Set 2),13.49,4-C6EATNDTCXCYPE
Mango Sticky Rice (Set 2),16.37,4-C6EATNDTCXCYPE
Chili Crab (Set 2),17.33,4-C6EATNDTCXCYPE
Mango Sticky Rice (Set 2),24.71,4-C6EATNDTCXCYPE
BBQ Pork Ribs,7.91,4-C7UKWAL2SCM2HA
Grilled Satay Platter,7.91,4-C7UKWAL2SCM2HA
BBQ Chicken Wings,13.2,4-C7UKWAL2SCM2HA
BBQ Pork Ribs (Set 2),13.59,4-C7UKWAL2SCM2HA
Grilled Satay Platter (Set 2),9.93,4-C7UKWAL2SCM2HA
BBQ Chicken Wings (Set 2),13.58,4-C7UKWAL2SCM2HA
BBQ Chicken Wings (Set 2),7.33,4-C7UKWAL2SCM2HA
Today's Recommendation,12.75,4-C7UKWAL2SCM2HA
BBQ Pork Ribs (Set 2),11.37,4-C7UKWAL2SCM2HA
BBQ Pork Ribs (Set 2),14.92,4-C7UKWAL2SCM2HA
Chili Crab,9.1,4-C7BCBFLGJKNDVE
Grilled Prawns,13.9,4-C7BCBFLGJKNDVE
Salt & Pepper Squid,7.7,4-C7BCBFLGJKNDVE
Black Pepper Crab,13.92,4-C7BCBFLGJKNDVE
Salted Egg Crab,7.94,4-C7BCBFLGJKNDVE
House Signature Dish,13.5,4-C7BCBFLGJKNDVE
Today's Recommendation,8.68,4-C7BCBFLGJKNDVE
Chili Crab (Set 2),12.9,4-C7BCBFLGJKNDVE
Chef's Special Combo,12.51,4-C7BCBFLGJKNDVE
Black Pepper Crab (Set 2),13.89,4-C7BCBFLGJKNDVE
Chef's Special Combo,21.55,4-C7JCGA5CEJ4TRX
House Signature Dish,20.98,4-C7JCGA5CEJ4TRX
Daily Special Set,21.95,4-C7JCGA5CEJ4TRX
Today's Recommendation,15.53,4-C7JCGA5CEJ4TRX
Daily Special Set (Set 2),27.69,4-C7JCGA5CEJ4TRX
Daily Special Set (Set 2),17.39,4-C7JCGA5CEJ4TRX
Daily Special Set (Set 2),21.59,4-C7JCGA5CEJ4TRX
Today's Recommendation (Set 2),27.29,4-C7JCGA5CEJ4TRX
Today's Recommendation (Set 2),20.72,4-C7JCGA5CEJ4TRX
Chef's Special Combo (Set 2),26.5,4-C7JCGA5CEJ4TRX
Chili Crab,13.94,4-C7BCBFLGJKNDVE
Grilled Prawns,8.02,4-C7BCBFLGJKNDVE
Salt & Pepper Squid,13.93,4-C7BCBFLGJKNDVE
Black Pepper Crab,9.0,4-C7BCBFLGJKNDVE
Salted Egg Crab,12.69,4-C7BCBFLGJKNDVE
House Signature Dish,13.63,4-C7BCBFLGJKNDVE
Daily Special Set,13.09,4-C7BCBFLGJKNDVE
Salt & Pepper Squid (Set 2),12.41,4-C7BCBFLGJKNDVE
Chef's Special Combo,10.92,4-C7BCBFLGJKNDVE
Chili Crab (Set 2),11.62,4-C7BCBFLGJKNDVE
Chef's Special Combo,19.04,4-C7JCGA5CEJ4TRX
House Signature Dish,24.25,4-C7JCGA5CEJ4TRX
Daily Special Set,23.42,4-C7JCGA5CEJ4TRX
Today's Recommendation,26.16,4-C7JCGA5CEJ4TRX
Chef's Special Combo (Set 2),19.82,4-C7JCGA5CEJ4TRX
Daily Special Set (Set 2),20.32,4-C7JCGA5CEJ4TRX
Daily Special Set (Set 2),21.73,4-C7JCGA5CEJ4TRX
Today's Recommendation (Set 2),26.03,4-C7JCGA5CEJ4TRX
House Signature Dish (Set 2),25.71,4-C7JCGA5CEJ4TRX
House Signature Dish (Set 2),14.4,4-C7JCGA5CEJ4TRX
Truffle Mushroom Pasta,17.84,4-C7BFGFMDRATFLN
Hawaiian Pizza,17.25,4-C7BFGFMDRATFLN
Aglio Olio,21.21,4-C7BFGFMDRATFLN
Risotto ai Funghi,14.96,4-C7BFGFMDRATFLN
Bolognese Spaghetti,25.79,4-C7BFGFMDRATFLN
Margherita Pizza,24.82,4-C7BFGFMDRATFLN
Osso Buco,26.41,4-C7BFGFMDRATFLN
BBQ Chicken Pizza,24.43,4-C7BFGFMDRATFLN
Pepperoni Pizza,13.69,4-C7BFGFMDRATFLN
Carbonara,22.39,4-C7BFGFMDRATFLN
French Toast,8.98,4-C72VKBJTCADUGE
BBQ Chicken Pizza,8.55,4-C72VKBJTCADUGE
Lasagna,8.41,4-C72VKBJTCADUGE
Risotto ai Funghi,5.51,4-C72VKBJTCADUGE
Tiramisu,8.37,4-C72VKBJTCADUGE
Cheese Toast,8.38,4-C72VKBJTCADUGE
Cappuccino,4.47,4-C72VKBJTCADUGE
Kaya Toast,5.8,4-C72VKBJTCADUGE
Osso Buco,4.41,4-C72VKBJTCADUGE
Espresso,7.32,4-C72VKBJTCADUGE
Salmon Sashimi,13.78,4-C7TVRFAWL3WDNX
California Roll,22.38,4-C7TVRFAWL3WDNX
Chicken Katsu,23.89,4-C7TVRFAWL3WDNX
Tempura Udon,24.33,4-C7TVRFAWL3WDNX
Carbonara,19.44,4-C7TVRFAWL3WDNX
Aglio Olio,14.37,4-C7TVRFAWL3WDNX
Bolognese Spaghetti,14.43,4-C7TVRFAWL3WDNX
Truffle Mushroom Pasta,16.2,4-C7TVRFAWL3WDNX
Bolognese Spaghetti (Set 2),14.17,4-C7TVRFAWL3WDNX
Daily Special Set,21.91,4-C7TVRFAWL3WDNX
Salmon Sashimi,7.07,4-C7EECTJCNBCDJJ
California Roll,12.56,4-C7EECTJCNBCDJJ
Chicken Katsu,13.54,4-C7EECTJCNBCDJJ
Tempura Udon,14.91,4-C7EECTJCNBCDJJ
Grilled Fish,10.38,4-C7EECTJCNBCDJJ
Deep Fried Fish,8.06,4-C7EECTJCNBCDJJ
Fish Curry,7.57,4-C7EECTJCNBCDJJ
Grilled Fish (Set 2),10.06,4-C7EECTJCNBCDJJ
Fish Curry (Set 2),12.85,4-C7EECTJCNBCDJJ
Tempura Udon (Set 2),7.82,4-C7EECTJCNBCDJJ
Roast Lamb Rack,20.96,4-C7VUN7XFVTCCTN
Sugarcane Juice,13.13,4-C7VUN7XFVTCCTN
Mushroom Soup,22.75,4-C7VUN7XFVTCCTN
Beef Steak,19.6,4-C7VUN7XFVTCCTN
Flat White,23.84,4-C7VUN7XFVTCCTN
Espresso,22.42,4-C7VUN7XFVTCCTN
Iced Lemon Tea,15.27,4-C7VUN7XFVTCCTN
Iced Latte,19.18,4-C7VUN7XFVTCCTN
Fish & Chips,23.3,4-C7VUN7XFVTCCTN
Grilled Chicken Chop,25.9,4-C7VUN7XFVTCCTN
Classic Cheeseburger,26.45,4-C7M3GTK3TPWKNX
Double Beef Burger,15.1,4-C7M3GTK3TPWKNX
Crispy Chicken Burger,14.85,4-C7M3GTK3TPWKNX
Mushroom Swiss Burger,23.95,4-C7M3GTK3TPWKNX
BBQ Bacon Burger,18.27,4-C7M3GTK3TPWKNX
Club Sandwich,19.44,4-C7M3GTK3TPWKNX
Egg Mayo Sandwich,24.87,4-C7M3GTK3TPWKNX
Grilled Cheese Sandwich,16.72,4-C7M3GTK3TPWKNX
Tuna Sandwich,22.67,4-C7M3GTK3TPWKNX
House Signature Dish,16.72,4-C7M3GTK3TPWKNX
Vegetable Biryani,9.36,4-C3LGL26GR23AMA
Fish Head Curry,7.44,4-C3LGL26GR23AMA
Butter Chicken,14.18,4-C3LGL26GR23AMA
Vegetable Curry,14.64,4-C3LGL26GR23AMA
Mutton Curry,10.96,4-C3LGL26GR23AMA
Palak Paneer,7.9,4-C3LGL26GR23AMA
Chicken Tikka Masala,11.0,4-C3LGL26GR23AMA
Mutton Biryani,11.75,4-C3LGL26GR23AMA
Chicken Biryani,11.23,4-C3LGL26GR23AMA
Chana Masala,14.82,4-C3LGL26GR23AMA
Nasi Lemak,25.91,4-C7M3VUKDEJMAAA
Char Kway Teow,21.53,4-C7M3VUKDEJMAAA
Roti Canai,18.48,4-C7M3VUKDEJMAAA
Satay Skewers,23.24,4-C7M3VUKDEJMAAA
Nasi Lemak with Fried Chicken,24.44,4-C7M3VUKDEJMAAA
Nasi Lemak with Sambal Sotong,27.32,4-C7M3VUKDEJMAAA
Char Kway Teow (Set 2),24.56,4-C7M3VUKDEJMAAA
Char Kway Teow (Set 2),13.25,4-C7M3VUKDEJMAAA
Daily Special Set,14.01,4-C7M3VUKDEJMAAA
Roti Canai (Set 2),16.93,4-C7M3VUKDEJMAAA
House Red Wine,7.66,4-C2THARCHMENDVT
Soda Float,11.29,4-C2THARCHMENDVT
Snack Bundle,11.93,4-C2THARCHMENDVT
Ready-to-eat Meal Box,9.22,4-C2THARCHMENDVT
Instant Noodles Pack,9.48,4-C2THARCHMENDVT
Fresh Orange Juice,11.09,4-C2THARCHMENDVT
Bottled Drink,8.63,4-C2THARCHMENDVT
Onigiri Rice Ball,13.46,4-C2THARCHMENDVT
Draft Beer,11.29,4-C2THARCHMENDVT
Whisky Highball,10.13,4-C2THARCHMENDVT
Salmon Sashimi,22.65,4-CZDUHEJHWATWJX
California Roll,17.65,4-CZDUHEJHWATWJX
Chicken Katsu,19.56,4-CZDUHEJHWATWJX
Tempura Udon,27.3,4-CZDUHEJHWATWJX
Chicken Katsu Bento,16.58,4-CZDUHEJHWATWJX
Salmon Teriyaki Bento,16.67,4-CZDUHEJHWATWJX
Tempura Bento,26.87,4-CZDUHEJHWATWJX
Tempura Bento (Set 2),14.74,4-CZDUHEJHWATWJX
Tempura Bento (Set 2),22.18,4-CZDUHEJHWATWJX
Tempura Bento (Set 2),13.83,4-CZDUHEJHWATWJX
Mapo Tofu,20.85,4-C7AZA3CXTNMVUE
Yang Zhou Fried Rice,24.74,4-C7AZA3CXTNMVUE
Braised Pork Belly,23.81,4-C7AZA3CXTNMVUE
Oolong Tea,15.5,4-C7AZA3CXTNMVUE
Kung Pao Chicken,14.9,4-C7AZA3CXTNMVUE
Flat White,24.72,4-C7AZA3CXTNMVUE
Cappuccino,17.03,4-C7AZA3CXTNMVUE
Earl Grey Tea,26.3,4-C7AZA3CXTNMVUE
Hot & Sour Soup,24.57,4-C7AZA3CXTNMVUE
Espresso,13.44,4-C7AZA3CXTNMVUE
Chicken Biryani,10.43,4-CZACRXVZNJMETT
Mutton Biryani,11.19,4-CZACRXVZNJMETT
Vegetable Biryani,9.1,4-CZACRXVZNJMETT
Fish Head Curry,14.8,4-CZACRXVZNJMETT
Mutton Curry,12.02,4-CZACRXVZNJMETT
Vegetable Curry,10.97,4-CZACRXVZNJMETT
Butter Naan,11.09,4-CZACRXVZNJMETT
Garlic Naan,7.44,4-CZACRXVZNJMETT
Cheese Naan,13.87,4-CZACRXVZNJMETT
Cheese Naan (Set 2),8.34,4-CZACRXVZNJMETT
Roti Canai,8.29,4-CYUGTK2CNTKER6
Wonton Mee,4.06,4-CYUGTK2CNTKER6
Char Kway Teow,4.23,4-CYUGTK2CNTKER6
Dry Mee Pok,5.82,4-CYUGTK2CNTKER6
Katong Laksa,8.6,4-CYUGTK2CNTKER6
Satay Skewers,4.89,4-CYUGTK2CNTKER6
Dan Dan Noodles,8.8,4-CYUGTK2CNTKER6
Curry Laksa,4.18,4-CYUGTK2CNTKER6
Nasi Lemak,8.02,4-CYUGTK2CNTKER6
Braised Beef Noodles,7.57,4-CYUGTK2CNTKER6
Onigiri Rice Ball,14.33,4-C36HR8CFJCLHJE
Ready-to-eat Meal Box,9.56,4-C36HR8CFJCLHJE
Instant Noodles Pack,13.61,4-C36HR8CFJCLHJE
Snack Bundle,11.57,4-C36HR8CFJCLHJE
Bottled Drink,7.96,4-C36HR8CFJCLHJE
Instant Noodles Pack (Set 2),12.39,4-C36HR8CFJCLHJE
Today's Recommendation,7.42,4-C36HR8CFJCLHJE
Ready-to-eat Meal Box (Set 2),8.79,4-C36HR8CFJCLHJE
Today's Recommendation (Set 2),11.13,4-C36HR8CFJCLHJE
Instant Noodles Pack (Set 2),7.37,4-C36HR8CFJCLHJE
Onigiri Rice Ball,13.93,4-C8AGGTL1TPTVL6
Ready-to-eat Meal Box,13.19,4-C8AGGTL1TPTVL6
Fresh Produce Box,9.49,4-C8AGGTL1TPTVL6
Household Essentials Pack,7.69,4-C8AGGTL1TPTVL6
Instant Noodles Pack,10.65,4-C8AGGTL1TPTVL6
Snack Bundle,9.95,4-C8AGGTL1TPTVL6
Bottled Drink,9.33,4-C8AGGTL1TPTVL6
Fresh Produce Box (Set 2),13.28,4-C8AGGTL1TPTVL6
House Signature Dish,12.92,4-C8AGGTL1TPTVL6
Household Essentials Pack (Set 2),8.94,4-C8AGGTL1TPTVL6
Instant Noodles Pack,8.2,4-CZKXEEBHJ3XDNJ
Snack Bundle,14.46,4-CZKXEEBHJ3XDNJ
Bottled Drink,7.19,4-CZKXEEBHJ3XDNJ
Fresh Produce Box,11.33,4-CZKXEEBHJ3XDNJ
Household Essentials Pack,12.09,4-CZKXEEBHJ3XDNJ
Snack Bundle (Set 2),12.55,4-CZKXEEBHJ3XDNJ
Fresh Produce Box (Set 2),7.08,4-CZKXEEBHJ3XDNJ
Today's Recommendation,9.68,4-CZKXEEBHJ3XDNJ
Household Essentials Pack (Set 2),13.07,4-CZKXEEBHJ3XDNJ
Today's Recommendation (Set 2),10.01,4-CZKXEEBHJ3XDNJ
Tom Yum Soup,12.82,4-C8CCTJTXLJMEET
Green Curry Chicken,7.83,4-C8CCTJTXLJMEET
Mango Sticky Rice,11.24,4-C8CCTJTXLJMEET
Minced Meat Ban Mian,8.91,4-C8CCTJTXLJMEET
Ban Mian with Anchovies,10.94,4-C8CCTJTXLJMEET
Mushroom Ban Mian,7.48,4-C8CCTJTXLJMEET
Pad Thai Chicken,14.98,4-C8CCTJTXLJMEET
Pad Thai Prawn,12.69,4-C8CCTJTXLJMEET
Vegetarian Pad Thai,7.74,4-C8CCTJTXLJMEET
Pad Thai Prawn (Set 2),14.37,4-C8CCTJTXLJMEET
Salmon Sashimi,12.61,4-C75EEUBVJ2KWMA
California Roll,9.98,4-C75EEUBVJ2KWMA
Chicken Katsu,14.8,4-C75EEUBVJ2KWMA
Tempura Udon,7.68,4-C75EEUBVJ2KWMA
Tonkotsu Ramen,7.76,4-C75EEUBVJ2KWMA
Miso Ramen,8.07,4-C75EEUBVJ2KWMA
Shoyu Ramen,13.56,4-C75EEUBVJ2KWMA
Spicy Tantanmen,7.6,4-C75EEUBVJ2KWMA
Tonkotsu Ramen (Set 2),11.54,4-C75EEUBVJ2KWMA
Chicken Katsu (Set 2),10.48,4-C75EEUBVJ2KWMA
Fresh Produce Box,14.41,4-C7LGKCEKAVDBGE
Household Essentials Pack,10.14,4-C7LGKCEKAVDBGE
Instant Noodles Pack,13.66,4-C7LGKCEKAVDBGE
Snack Bundle,9.61,4-C7LGKCEKAVDBGE
Bottled Drink,10.62,4-C7LGKCEKAVDBGE
Daily Special Set,8.87,4-C7LGKCEKAVDBGE
Today's Recommendation,14.55,4-C7LGKCEKAVDBGE
Fresh Produce Box (Set 2),8.09,4-C7LGKCEKAVDBGE
Fresh Produce Box (Set 2),13.16,4-C7LGKCEKAVDBGE
Household Essentials Pack (Set 2),7.87,4-C7LGKCEKAVDBGE
Classic Milk Tea,9.51,4-C8DEGRA3CLEDWE
Brown Sugar Boba Milk Tea,7.97,4-C8DEGRA3CLEDWE
Taro Milk Tea,9.87,4-C8DEGRA3CLEDWE
Jasmine Green Tea,13.16,4-C8DEGRA3CLEDWE
Oolong Tea,10.62,4-C8DEGRA3CLEDWE
Earl Grey Tea,10.71,4-C8DEGRA3CLEDWE
House Signature Dish,13.82,4-C8DEGRA3CLEDWE
Daily Special Set,7.72,4-C8DEGRA3CLEDWE
Jasmine Green Tea (Set 2),13.46,4-C8DEGRA3CLEDWE
Jasmine Green Tea (Set 2),9.43,4-C8DEGRA3CLEDWE
Sweet & Sour Pork,7.39,4-C622LKCJKB5BJA
Char Siew Rice,9.39,4-C622LKCJKB5BJA
Wonton Mee,13.56,4-C622LKCJKB5BJA
Steamed Fish with Ginger,8.39,4-C622LKCJKB5BJA
Mushroom Ban Mian,14.62,4-C622LKCJKB5BJA
Dan Dan Noodles,13.84,4-C622LKCJKB5BJA
Yang Zhou Fried Rice,11.45,4-C622LKCJKB5BJA
Mapo Tofu,11.4,4-C622LKCJKB5BJA
Ban Mian with Anchovies,7.76,4-C622LKCJKB5BJA
Stir-fried Kailan,7.82,4-C622LKCJKB5BJA
Jasmine Green Tea,4.31,4-CZLGCZDUNFMVPA
Oolong Tea,7.9,4-CZLGCZDUNFMVPA
Earl Grey Tea,5.11,4-CZLGCZDUNFMVPA
Flat White,4.99,4-CZLGCZDUNFMVPA
Cappuccino,6.0,4-CZLGCZDUNFMVPA
Iced Latte,7.43,4-CZLGCZDUNFMVPA
Espresso,8.69,4-CZLGCZDUNFMVPA
Daily Special Set,4.42,4-CZLGCZDUNFMVPA
House Signature Dish,6.93,4-CZLGCZDUNFMVPA
Chef's Special Combo,8.59,4-CZLGCZDUNFMVPA
Chicken Tikka Masala,13.64,4-CZD3LRMKDETDSE
Butter Chicken,19.91,4-CZD3LRMKDETDSE
Creamy Butter Chicken,15.52,4-CZD3LRMKDETDSE
Chana Masala,21.61,4-CZD3LRMKDETDSE
Fish Head Curry,25.33,4-CZD3LRMKDETDSE
Vegetable Biryani,18.92,4-CZD3LRMKDETDSE
Vegetable Curry,13.44,4-CZD3LRMKDETDSE
Butter Chicken with Naan,23.25,4-CZD3LRMKDETDSE
Palak Paneer,15.59,4-CZD3LRMKDETDSE
Chicken Biryani,16.22,4-CZD3LRMKDETDSE
Mapo Tofu,5.23,4-C7LVEXUKTN2GV2
Stir-fried Kailan,5.48,4-C7LVEXUKTN2GV2
Ban Mian with Anchovies,6.06,4-C7LVEXUKTN2GV2
Fishball Noodles,6.75,4-C7LVEXUKTN2GV2
Dry Mee Pok,4.3,4-C7LVEXUKTN2GV2
Kung Pao Chicken,5.4,4-C7LVEXUKTN2GV2
Braised Pork Belly,4.69,4-C7LVEXUKTN2GV2
Salted Egg Prawns,5.0,4-C7LVEXUKTN2GV2
Dan Dan Noodles,8.42,4-C7LVEXUKTN2GV2
Wonton Mee,6.63,4-C7LVEXUKTN2GV2
Butter Chicken with Naan,20.54,4-C3JKPEECPFKDJT
Garlic Naan,18.83,4-C3JKPEECPFKDJT
Butter Chicken,15.7,4-C3JKPEECPFKDJT
Vegetable Biryani,17.78,4-C3JKPEECPFKDJT
Mutton Biryani,16.29,4-C3JKPEECPFKDJT
Chana Masala,26.44,4-C3JKPEECPFKDJT
Chicken Biryani,24.68,4-C3JKPEECPFKDJT
Creamy Butter Chicken,13.88,4-C3JKPEECPFKDJT
Palak Paneer,27.87,4-C3JKPEECPFKDJT
Butter Naan,20.94,4-C3JKPEECPFKDJT
Kimchi Jjigae,27.61,4-C65DEN6EPFTZEN
Tteokbokki,14.5,4-C65DEN6EPFTZEN
Bulgogi Beef,22.85,4-C65DEN6EPFTZEN
Korean Fried Chicken,17.0,4-C65DEN6EPFTZEN
Original Fried Chicken,25.24,4-C65DEN6EPFTZEN
Spicy Fried Chicken,26.76,4-C65DEN6EPFTZEN
Honey Glazed Wings,13.84,4-C65DEN6EPFTZEN
Popcorn Chicken,27.95,4-C65DEN6EPFTZEN
Spicy Fried Chicken (Set 2),16.29,4-C65DEN6EPFTZEN
Today's Recommendation,25.7,4-C65DEN6EPFTZEN
Salt & Pepper Squid,12.63,SGDD01175
Char Siew Rice,9.81,SGDD01175
Mapo Tofu,11.54,SGDD01175
Kung Pao Chicken,8.14,SGDD01175
Grilled Prawns,14.59,SGDD01175
Yang Zhou Fried Rice,13.69,SGDD01175
Salted Egg Crab,13.48,SGDD01175
Stir-fried Kailan,14.76,SGDD01175
Steamed Fish with Ginger,11.34,SGDD01175
Braised Pork Belly,8.4,SGDD01175
Onigiri Rice Ball,8.86,4-C8AGGTL1TPTVL6
Ready-to-eat Meal Box,8.75,4-C8AGGTL1TPTVL6
Fresh Produce Box,11.21,4-C8AGGTL1TPTVL6
Household Essentials Pack,7.01,4-C8AGGTL1TPTVL6
Instant Noodles Pack,14.34,4-C8AGGTL1TPTVL6
Snack Bundle,8.61,4-C8AGGTL1TPTVL6
Bottled Drink,8.04,4-C8AGGTL1TPTVL6
Chef's Special Combo,12.74,4-C8AGGTL1TPTVL6
House Signature Dish,14.35,4-C8AGGTL1TPTVL6
Chef's Special Combo (Set 2),13.75,4-C8AGGTL1TPTVL6
Roast Lamb Rack,27.41,SGDD06424
Grilled Chicken Chop,18.6,SGDD06424
Mushroom Swiss Burger,27.13,SGDD06424
Beef Steak,18.93,SGDD06424
Mushroom Soup,14.52,SGDD06424
BBQ Bacon Burger,17.53,SGDD06424
Fish & Chips,15.05,SGDD06424
Crispy Chicken Burger,15.36,SGDD06424
Double Beef Burger,27.23,SGDD06424
Classic Cheeseburger,24.88,SGDD06424
Chef's Special Combo,10.03,4-C75TBGEJAYTKBE
House Signature Dish,12.87,4-C75TBGEJAYTKBE
Daily Special Set,9.36,4-C75TBGEJAYTKBE
Today's Recommendation,8.42,4-C75TBGEJAYTKBE
Today's Recommendation (Set 2),7.01,4-C75TBGEJAYTKBE
House Signature Dish (Set 2),12.62,4-C75TBGEJAYTKBE
Daily Special Set (Set 2),11.58,4-C75TBGEJAYTKBE
House Signature Dish (Set 2),13.81,4-C75TBGEJAYTKBE
Today's Recommendation (Set 2),13.17,4-C75TBGEJAYTKBE
Daily Special Set (Set 2),11.54,4-C75TBGEJAYTKBE
Kung Pao Chicken,12.96,4-C7BBT8C1EANXR6
Salted Egg Prawns,8.9,4-C7BBT8C1EANXR6
Mapo Tofu,14.86,4-C7BBT8C1EANXR6
Black Pepper Crab,8.34,4-C7BBT8C1EANXR6
Yang Zhou Fried Rice,14.08,4-C7BBT8C1EANXR6
Grilled Prawns,7.71,4-C7BBT8C1EANXR6
Sweet & Sour Pork,12.67,4-C7BBT8C1EANXR6
Hot & Sour Soup,12.11,4-C7BBT8C1EANXR6
Stir-fried Kailan,14.09,4-C7BBT8C1EANXR6
Salted Egg Crab,10.57,4-C7BBT8C1EANXR6
Nasi Padang,9.8,4-CYLJWGLAJ7AARN
Beef Rendang,13.3,4-CYLJWGLAJ7AARN
Gado Gado,12.76,4-CYLJWGLAJ7AARN
Sate Ayam,7.39,4-CYLJWGLAJ7AARN
Nasi Lemak with Fried Chicken,10.51,4-CYLJWGLAJ7AARN
Nasi Lemak with Sambal Sotong,10.36,4-CYLJWGLAJ7AARN
Nasi Padang (Set 2),8.33,4-CYLJWGLAJ7AARN
Today's Recommendation,10.31,4-CYLJWGLAJ7AARN
Today's Recommendation (Set 2),14.05,4-CYLJWGLAJ7AARN
House Signature Dish,9.81,4-CYLJWGLAJ7AARN
Fresh Produce Box,10.61,4-C34WEEW1DCLVPA
Household Essentials Pack,13.39,4-C34WEEW1DCLVPA
Curry Puff,7.27,4-C34WEEW1DCLVPA
Popiah,7.16,4-C34WEEW1DCLVPA
Spring Rolls,9.09,4-C34WEEW1DCLVPA
Curry Puff (Set 2),7.84,4-C34WEEW1DCLVPA
House Signature Dish,9.73,4-C34WEEW1DCLVPA
Popiah (Set 2),14.1,4-C34WEEW1DCLVPA
Today's Recommendation,8.29,4-C34WEEW1DCLVPA
Daily Special Set,7.6,4-C34WEEW1DCLVPA
Classic Milk Tea,8.47,4-CZAJVFBBCXNJEN
Brown Sugar Boba Milk Tea,7.52,4-CZAJVFBBCXNJEN
Taro Milk Tea,6.16,4-CZAJVFBBCXNJEN
Jasmine Green Tea,7.27,4-CZAJVFBBCXNJEN
Oolong Tea,7.04,4-CZAJVFBBCXNJEN
Earl Grey Tea,6.17,4-CZAJVFBBCXNJEN
House Signature Dish,4.27,4-CZAJVFBBCXNJEN
Brown Sugar Boba Milk Tea (Set 2),5.66,4-CZAJVFBBCXNJEN
Earl Grey Tea (Set 2),8.87,4-CZAJVFBBCXNJEN
Earl Grey Tea (Set 2),6.05,4-CZAJVFBBCXNJEN
Stir-fried Kailan,7.44,4-C26ZJFWXN3NHHA
Classic Milk Tea,7.03,4-C26ZJFWXN3NHHA
Steamed Fish with Ginger,7.7,4-C26ZJFWXN3NHHA
Jasmine Green Tea,13.59,4-C26ZJFWXN3NHHA
Yang Zhou Fried Rice,12.0,4-C26ZJFWXN3NHHA
Sweet & Sour Pork,10.84,4-C26ZJFWXN3NHHA
Braised Pork Belly,7.78,4-C26ZJFWXN3NHHA
Char Siew Rice,8.66,4-C26ZJFWXN3NHHA
Hot & Sour Soup,12.11,4-C26ZJFWXN3NHHA
Oolong Tea,14.82,4-C26ZJFWXN3NHHA
Whisky Highball,12.13,4-C4DUNYMVBAL2FA
Ready-to-eat Meal Box,10.1,4-C4DUNYMVBAL2FA
Soda Float,9.97,4-C4DUNYMVBAL2FA
Draft Beer,10.05,4-C4DUNYMVBAL2FA
Iced Chrysanthemum Tea,8.49,4-C4DUNYMVBAL2FA
House Red Wine,7.36,4-C4DUNYMVBAL2FA
Household Essentials Pack,10.52,4-C4DUNYMVBAL2FA
Fresh Orange Juice,9.11,4-C4DUNYMVBAL2FA
Fresh Produce Box,13.7,4-C4DUNYMVBAL2FA
Onigiri Rice Ball,11.51,4-C4DUNYMVBAL2FA
Flat White,11.43,4-CYU3N7KCECKGNX
Cappuccino,13.73,4-CYU3N7KCECKGNX
Iced Latte,13.55,4-CYU3N7KCECKGNX
Espresso,10.35,4-CYU3N7KCECKGNX
Daily Special Set,11.28,4-CYU3N7KCECKGNX
House Signature Dish,13.94,4-CYU3N7KCECKGNX
House Signature Dish (Set 2),10.8,4-CYU3N7KCECKGNX
Cappuccino (Set 2),14.05,4-CYU3N7KCECKGNX
Iced Latte (Set 2),10.81,4-CYU3N7KCECKGNX
Today's Recommendation,7.63,4-CYU3N7KCECKGNX
Butter Chicken,8.01,4-C7UKEXKFT8JTT6
Fresh Orange Juice,10.39,4-C7UKEXKFT8JTT6
Iced Chrysanthemum Tea,14.91,4-C7UKEXKFT8JTT6
Palak Paneer,10.48,4-C7UKEXKFT8JTT6
Soda Float,14.98,4-C7UKEXKFT8JTT6
Chana Masala,12.02,4-C7UKEXKFT8JTT6
Chicken Tikka Masala,13.67,4-C7UKEXKFT8JTT6
Hand-Pulled Noodles,9.06,4-C7UKEXKFT8JTT6
Spicy Peanut Noodles,14.29,4-C7UKEXKFT8JTT6
Beef Brisket Noodles,14.31,4-C7UKEXKFT8JTT6
Char Kway Teow,7.93,4-C7W1R3JDLY2AJ2
Dry Mee Pok,7.12,4-C7W1R3JDLY2AJ2
Braised Beef Noodles,6.61,4-C7W1R3JDLY2AJ2
Wonton Mee,6.1,4-C7W1R3JDLY2AJ2
Satay Skewers,6.07,4-C7W1R3JDLY2AJ2
Prawn Noodle Soup,4.74,4-C7W1R3JDLY2AJ2
Roti Canai,6.94,4-C7W1R3JDLY2AJ2
Fishball Noodles,7.79,4-C7W1R3JDLY2AJ2
Dan Dan Noodles,8.7,4-C7W1R3JDLY2AJ2
Nasi Lemak,8.62,4-C7W1R3JDLY2AJ2
Chicken Biryani,13.24,4-C6VKVBL3NYMTWE
Mutton Biryani,13.29,4-C6VKVBL3NYMTWE
Vegetable Biryani,13.94,4-C6VKVBL3NYMTWE
Butter Naan,14.04,4-C6VKVBL3NYMTWE
Garlic Naan,14.02,4-C6VKVBL3NYMTWE
Cheese Naan,9.11,4-C6VKVBL3NYMTWE
Fish Head Curry,12.24,4-C6VKVBL3NYMTWE
Mutton Curry,11.58,4-C6VKVBL3NYMTWE
Vegetable Curry,10.78,4-C6VKVBL3NYMTWE
Cheese Naan (Set 2),8.38,4-C6VKVBL3NYMTWE
Char Siew Rice,10.8,4-C33YV6JWRJBYCT
Kung Pao Chicken,9.15,4-C33YV6JWRJBYCT
Salted Egg Prawns,9.98,4-C33YV6JWRJBYCT
Roast Duck Noodles,9.7,4-C33YV6JWRJBYCT
Braised Pork Belly,13.35,4-C33YV6JWRJBYCT
Yang Zhou Fried Rice,9.49,4-C33YV6JWRJBYCT
Roast Duck Rice,13.74,4-C33YV6JWRJBYCT
Sweet & Sour Pork,13.87,4-C33YV6JWRJBYCT
Hot & Sour Soup,12.48,4-C33YV6JWRJBYCT
Mapo Tofu,14.78,4-C33YV6JWRJBYCT
Chana Masala,30.64,4-C7BBT8CZDFJJEE
Palak Paneer,31.34,4-C7BBT8CZDFJJEE
Fish Head Curry,49.72,4-C7BBT8CZDFJJEE
Mutton Curry,47.23,4-C7BBT8CZDFJJEE
Vegetable Biryani,47.78,4-C7BBT8CZDFJJEE
Mutton Biryani,51.02,4-C7BBT8CZDFJJEE
Chicken Biryani,49.63,4-C7BBT8CZDFJJEE
Vegetable Curry,40.46,4-C7BBT8CZDFJJEE
Chicken Tikka Masala,29.77,4-C7BBT8CZDFJJEE
Butter Chicken,34.33,4-C7BBT8CZDFJJEE
Chocolate Sundae,7.26,4-C2TBC6CDV6UACE
Vanilla Bean Ice Cream,7.4,4-C2TBC6CDV6UACE
Beef Steak,9.88,4-C2TBC6CDV6UACE
Tau Huay,8.59,4-C2TBC6CDV6UACE
Grilled Chicken Chop,9.95,4-C2TBC6CDV6UACE
Chendol,10.71,4-C2TBC6CDV6UACE
Fish & Chips,10.18,4-C2TBC6CDV6UACE
Ice Kacang,14.38,4-C2TBC6CDV6UACE
Mango Sticky Rice,12.45,4-C2TBC6CDV6UACE
Roast Lamb Rack,8.94,4-C2TBC6CDV6UACE
Mutton Curry,25.56,4-C7DWAY6GATLKNA
Chicken Biryani,16.88,4-C7DWAY6GATLKNA
Vegetable Biryani,25.46,4-C7DWAY6GATLKNA
Palak Paneer,14.36,4-C7DWAY6GATLKNA
Mutton Biryani,13.41,4-C7DWAY6GATLKNA
Butter Chicken with Naan,13.74,4-C7DWAY6GATLKNA
Fish Head Curry,25.81,4-C7DWAY6GATLKNA
Vegetable Curry,24.7,4-C7DWAY6GATLKNA
Creamy Butter Chicken,16.21,4-C7DWAY6GATLKNA
Butter Chicken,16.32,4-C7DWAY6GATLKNA
House Red Wine,11.11,4-C8BCVNU1R8LDRJ
Draft Beer,13.92,4-C8BCVNU1R8LDRJ
Whisky Highball,14.74,4-C8BCVNU1R8LDRJ
Instant Noodles Pack,12.46,4-C8BCVNU1R8LDRJ
Snack Bundle,10.79,4-C8BCVNU1R8LDRJ
Bottled Drink,8.06,4-C8BCVNU1R8LDRJ
Today's Recommendation,8.39,4-C8BCVNU1R8LDRJ
Today's Recommendation (Set 2),13.41,4-C8BCVNU1R8LDRJ
House Red Wine (Set 2),8.79,4-C8BCVNU1R8LDRJ
Whisky Highball (Set 2),11.87,4-C8BCVNU1R8LDRJ
Butter Chicken,10.39,4-C6BVE33YVAUVAX
Chicken Tikka Masala,10.01,4-C6BVE33YVAUVAX
Palak Paneer,9.79,4-C6BVE33YVAUVAX
Chana Masala,9.02,4-C6BVE33YVAUVAX
Chicken Katsu Bento,10.73,4-C6BVE33YVAUVAX
Salmon Teriyaki Bento,12.42,4-C6BVE33YVAUVAX
Tempura Bento,13.59,4-C6BVE33YVAUVAX
Butter Chicken (Set 2),10.18,4-C6BVE33YVAUVAX
Tempura Bento (Set 2),7.82,4-C6BVE33YVAUVAX
Butter Chicken (Set 2),11.09,4-C6BVE33YVAUVAX
Mapo Tofu,12.12,4-C73BN66YR7EJNN
Stir-fried Kailan,13.89,4-C73BN66YR7EJNN
Steamed Fish with Ginger,9.09,4-C73BN66YR7EJNN
Kung Pao Chicken,12.69,4-C73BN66YR7EJNN
Salted Egg Prawns,14.14,4-C73BN66YR7EJNN
Braised Pork Belly,9.39,4-C73BN66YR7EJNN
Yang Zhou Fried Rice,8.2,4-C73BN66YR7EJNN
Hot & Sour Soup,13.12,4-C73BN66YR7EJNN
Sweet & Sour Pork,14.2,4-C73BN66YR7EJNN
Char Siew Rice,13.44,4-C73BN66YR7EJNN
House Red Wine,12.28,4-C4DUNYMVAUW2NT
Draft Beer,12.45,4-C4DUNYMVAUW2NT
Whisky Highball,12.77,4-C4DUNYMVAUW2NT
Onigiri Rice Ball,12.24,4-C4DUNYMVAUW2NT
Ready-to-eat Meal Box,14.98,4-C4DUNYMVAUW2NT
Fresh Orange Juice,9.08,4-C4DUNYMVAUW2NT
Iced Chrysanthemum Tea,10.35,4-C4DUNYMVAUW2NT
Soda Float,10.11,4-C4DUNYMVAUW2NT
Fresh Orange Juice (Set 2),7.28,4-C4DUNYMVAUW2NT
Whisky Highball (Set 2),12.66,4-C4DUNYMVAUW2NT
Chicken Biryani,13.53,4-C252FED2JKLKV6
Mutton Biryani,9.75,4-C252FED2JKLKV6
Vegetable Biryani,12.71,4-C252FED2JKLKV6
Butter Naan,12.49,4-C252FED2JKLKV6
Garlic Naan,12.11,4-C252FED2JKLKV6
Cheese Naan,10.81,4-C252FED2JKLKV6
Fish Head Curry,14.53,4-C252FED2JKLKV6
Mutton Curry,9.87,4-C252FED2JKLKV6
Vegetable Curry,9.4,4-C252FED2JKLKV6
Cheese Naan (Set 2),8.36,4-C252FED2JKLKV6
Curry Puff,8.73,4-CZDVUF2VLKKFV2
Stir-fried Kailan,8.5,4-CZDVUF2VLKKFV2
Kung Pao Chicken,7.27,4-CZDVUF2VLKKFV2
Steamed Fish with Ginger,5.11,4-CZDVUF2VLKKFV2
Sweet & Sour Pork,5.12,4-CZDVUF2VLKKFV2
Hot & Sour Soup,8.36,4-CZDVUF2VLKKFV2
Popiah,6.1,4-CZDVUF2VLKKFV2
Mapo Tofu,8.43,4-CZDVUF2VLKKFV2
Spring Rolls,5.86,4-CZDVUF2VLKKFV2
Char Siew Rice,6.93,4-CZDVUF2VLKKFV2
Popcorn Chicken,6.5,SGDD11129
Honey Glazed Wings,8.34,SGDD11129
Fish & Chips,5.91,SGDD11129
Double Beef Burger,5.49,SGDD11129
Grilled Chicken Chop,4.27,SGDD11129
BBQ Bacon Burger,8.27,SGDD11129
Mushroom Swiss Burger,4.69,SGDD11129
Korean Fried Chicken,5.0,SGDD11129
Spicy Fried Chicken,6.05,SGDD11129
Crispy Chicken Burger,6.85,SGDD11129
Fish Head Curry,7.17,4-C6DUEP2EPEEBL6
Palak Paneer,4.02,4-C6DUEP2EPEEBL6
Mutton Biryani,5.37,4-C6DUEP2EPEEBL6
Garlic Naan,7.81,4-C6DUEP2EPEEBL6
Chicken Tikka Masala,4.84,4-C6DUEP2EPEEBL6
Cheese Naan,7.82,4-C6DUEP2EPEEBL6
Vegetable Curry,6.45,4-C6DUEP2EPEEBL6
Butter Naan,7.82,4-C6DUEP2EPEEBL6
Mutton Curry,4.44,4-C6DUEP2EPEEBL6
Vegetable Biryani,7.07,4-C6DUEP2EPEEBL6
Crispy Chicken Burger,8.75,4-C4E2EKLEHCAXN2
Double Beef Burger,8.46,4-C4E2EKLEHCAXN2
Sesame Chicken,7.78,4-C4E2EKLEHCAXN2
BBQ Bacon Burger,6.66,4-C4E2EKLEHCAXN2
Original Fried Chicken,4.09,4-C4E2EKLEHCAXN2
Grilled Chicken Chop,4.02,4-C4E2EKLEHCAXN2
Grilled Chicken Thigh,7.67,4-C4E2EKLEHCAXN2
Honey Glazed Wings,5.13,4-C4E2EKLEHCAXN2
Caesar Salad,8.38,4-C4E2EKLEHCAXN2
Roast Lamb Rack,5.56,4-C4E2EKLEHCAXN2
Yang Zhou Fried Rice,11.77,SGDD09554
Braised Beef Noodles,9.7,SGDD09554
Salted Egg Prawns,14.1,SGDD09554
Kung Pao Chicken,14.96,SGDD09554
Sweet & Sour Pork,9.74,SGDD09554
Braised Pork Belly,14.21,SGDD09554
Steamed Fish with Ginger,9.87,SGDD09554
Dan Dan Noodles,8.51,SGDD09554
Hot & Sour Soup,14.58,SGDD09554
Stir-fried Kailan,14.35,SGDD09554
Char Siew Rice,14.85,4-C7CAAJN3LULHCA
Braised Pork Belly,23.67,4-C7CAAJN3LULHCA
Yang Zhou Fried Rice,24.88,4-C7CAAJN3LULHCA
Jasmine Green Tea,18.63,4-C7CAAJN3LULHCA
Kung Pao Chicken,22.6,4-C7CAAJN3LULHCA
Salted Egg Prawns,24.57,4-C7CAAJN3LULHCA
Mapo Tofu,22.35,4-C7CAAJN3LULHCA
Oolong Tea,21.91,4-C7CAAJN3LULHCA
Steamed Fish with Ginger,13.72,4-C7CAAJN3LULHCA
Sweet & Sour Pork,14.62,4-C7CAAJN3LULHCA
Braised Pork Belly,7.51,4-C4AVR7CUMCBDEA
Sweet & Sour Pork,5.03,4-C4AVR7CUMCBDEA
Yang Zhou Fried Rice,7.43,4-C4AVR7CUMCBDEA
Char Siew Rice,4.05,4-C4AVR7CUMCBDEA
Hot & Sour Soup,6.1,4-C4AVR7CUMCBDEA
Chee Cheong Fun,4.5,4-C4AVR7CUMCBDEA
Lo Mai Gai,6.6,4-C4AVR7CUMCBDEA
Stir-fried Kailan,7.11,4-C4AVR7CUMCBDEA
Steamed Fish with Ginger,7.5,4-C4AVR7CUMCBDEA
Egg Tarts,6.09,4-C4AVR7CUMCBDEA
Sweet & Sour Pork,8.16,4-C4JWR7MJNANBJT
Stir-fried Kailan,8.87,4-C4JWR7MJNANBJT
Salted Egg Prawns,5.79,4-C4JWR7MJNANBJT
Kung Pao Chicken,6.05,4-C4JWR7MJNANBJT
Braised Pork Belly,4.8,4-C4JWR7MJNANBJT
Mapo Tofu,6.74,4-C4JWR7MJNANBJT
Yang Zhou Fried Rice,8.55,4-C4JWR7MJNANBJT
Steamed Fish with Ginger,7.44,4-C4JWR7MJNANBJT
Char Siew Rice,6.4,4-C4JWR7MJNANBJT
Hot & Sour Soup,5.17,4-C4JWR7MJNANBJT
Nasi Lemak,12.35,4-C2WTJPLCCUMYJT
Char Kway Teow,8.19,4-C2WTJPLCCUMYJT
Roti Canai,7.72,4-C2WTJPLCCUMYJT
Satay Skewers,11.09,4-C2WTJPLCCUMYJT
Nasi Lemak with Fried Chicken,12.79,4-C2WTJPLCCUMYJT
Nasi Lemak with Sambal Sotong,7.81,4-C2WTJPLCCUMYJT
Chef's Special Combo,9.05,4-C2WTJPLCCUMYJT
House Signature Dish,8.85,4-C2WTJPLCCUMYJT
House Signature Dish (Set 2),14.91,4-C2WTJPLCCUMYJT
Nasi Lemak with Sambal Sotong (Set 2),9.37,4-C2WTJPLCCUMYJT
Chef's Special Combo,18.4,4-C7D2EAAVHA5WRE
House Signature Dish,23.15,4-C7D2EAAVHA5WRE
Daily Special Set,19.39,4-C7D2EAAVHA5WRE
Today's Recommendation,14.74,4-C7D2EAAVHA5WRE
Today's Recommendation (Set 2),25.77,4-C7D2EAAVHA5WRE
Chef's Special Combo (Set 2),26.35,4-C7D2EAAVHA5WRE
House Signature Dish (Set 2),13.15,4-C7D2EAAVHA5WRE
Daily Special Set (Set 2),15.08,4-C7D2EAAVHA5WRE
Chef's Special Combo (Set 2),22.71,4-C7D2EAAVHA5WRE
Chef's Special Combo (Set 2),17.93,4-C7D2EAAVHA5WRE
Grilled Chicken Chop,14.64,4-C642CJLGLT4ARA
Fish & Chips,9.15,4-C642CJLGLT4ARA
Beef Steak,12.86,4-C642CJLGLT4ARA
Caesar Salad,9.98,4-C642CJLGLT4ARA
Mushroom Soup,9.74,4-C642CJLGLT4ARA
Roast Lamb Rack,7.91,4-C642CJLGLT4ARA
BBQ Pork Ribs,10.2,4-C642CJLGLT4ARA
Grilled Satay Platter,10.65,4-C642CJLGLT4ARA
BBQ Chicken Wings,13.69,4-C642CJLGLT4ARA
Caesar Salad (Set 2),12.52,4-C642CJLGLT4ARA
Fish Head Curry,13.4,SGDD07905
Mutton Curry,12.19,SGDD07905
Vegetable Curry,13.38,SGDD07905
Chicken Biryani,7.9,SGDD07905
Mutton Biryani,12.57,SGDD07905
Vegetable Biryani,7.47,SGDD07905
Butter Naan,14.54,SGDD07905
Garlic Naan,8.28,SGDD07905
Cheese Naan,10.33,SGDD07905
Chicken Biryani (Set 2),11.73,SGDD07905
Hainanese Chicken Rice,7.23,4-C3MGKA5ZN7VXTT
Roasted Chicken Rice,12.48,4-C3MGKA5ZN7VXTT
Hainanese Chicken Rice (Set 2),13.71,4-C3MGKA5ZN7VXTT
Roasted Chicken Rice (Set 2),14.79,4-C3MGKA5ZN7VXTT
Today's Recommendation,8.05,4-C3MGKA5ZN7VXTT
House Signature Dish,14.36,4-C3MGKA5ZN7VXTT
Hainanese Chicken Rice (Set 2),7.9,4-C3MGKA5ZN7VXTT
Today's Recommendation (Set 2),10.29,4-C3MGKA5ZN7VXTT
Daily Special Set,7.37,4-C3MGKA5ZN7VXTT
Hainanese Chicken Rice (Set 2),9.09,4-C3MGKA5ZN7VXTT
Fresh Lime Juice,12.64,4-C7CAAJN3L66CKE
Iced Lemon Tea,12.42,4-C7CAAJN3L66CKE
Sugarcane Juice,13.14,4-C7CAAJN3L66CKE
BBQ Pork Ribs,11.61,4-C7CAAJN3L66CKE
Grilled Satay Platter,11.52,4-C7CAAJN3L66CKE
BBQ Chicken Wings,14.82,4-C7CAAJN3L66CKE
Mala Hotpot Combo,12.36,4-C7CAAJN3L66CKE
Spicy Mala Skewers,9.71,4-C7CAAJN3L66CKE
Iced Lemon Tea (Set 2),11.18,4-C7CAAJN3L66CKE
Chef's Special Combo,12.6,4-C7CAAJN3L66CKE
Sweet & Sour Pork,14.14,SGDD01563
Char Siew Rice,11.9,SGDD01563
Roast Duck Rice,7.09,SGDD01563
Roast Duck Noodles,14.47,SGDD01563
Yang Zhou Fried Rice,11.04,SGDD01563
Hot & Sour Soup,10.75,SGDD01563
Mapo Tofu,10.97,SGDD01563
Roasted Pork Belly,8.32,SGDD01563
Combo Roast Meat Rice,13.01,SGDD01563
Steamed Fish with Ginger,9.57,SGDD01563
Nasi Lemak,8.78,4-C2TYV3VDLZLXJJ
Char Kway Teow,12.15,4-C2TYV3VDLZLXJJ
Roti Canai,10.23,4-C2TYV3VDLZLXJJ
Satay Skewers,8.88,4-C2TYV3VDLZLXJJ
Nasi Lemak with Fried Chicken,10.67,4-C2TYV3VDLZLXJJ
Nasi Lemak with Sambal Sotong,13.41,4-C2TYV3VDLZLXJJ
Char Kway Teow (Set 2),10.58,4-C2TYV3VDLZLXJJ
Nasi Lemak (Set 2),13.85,4-C2TYV3VDLZLXJJ
Chef's Special Combo,10.58,4-C2TYV3VDLZLXJJ
Nasi Lemak with Fried Chicken (Set 2),7.95,4-C2TYV3VDLZLXJJ
Egg Mayo Sandwich,13.33,4-CYMWFCA1TEEVA2
Greek Salad,14.71,4-CYMWFCA1TEEVA2
Grilled Chicken Chop,12.1,4-CYMWFCA1TEEVA2
Fish & Chips,14.12,4-CYMWFCA1TEEVA2
Club Sandwich,11.5,4-CYMWFCA1TEEVA2
Caesar Salad,12.24,4-CYMWFCA1TEEVA2
Tuna Sandwich,10.65,4-CYMWFCA1TEEVA2
Mushroom Soup,9.73,4-CYMWFCA1TEEVA2
Roast Lamb Rack,13.6,4-CYMWFCA1TEEVA2
Quinoa Salad,13.53,4-CYMWFCA1TEEVA2
Nasi Lemak,4.49,SGDD10320
Char Kway Teow,7.29,SGDD10320
Roti Canai,4.01,SGDD10320
Satay Skewers,5.78,SGDD10320
Satay Skewers (Set 2),7.17,SGDD10320
Char Kway Teow (Set 2),8.0,SGDD10320
Satay Skewers (Set 2),6.74,SGDD10320
Char Kway Teow (Set 2),5.87,SGDD10320
Satay Skewers (Set 2),4.53,SGDD10320
House Signature Dish,8.48,SGDD10320
Tom Yum Soup,8.12,SGDD10639
Green Curry Chicken,12.73,SGDD10639
Mango Sticky Rice,12.77,SGDD10639
Pad Thai Chicken,7.86,SGDD10639
Pad Thai Prawn,11.89,SGDD10639
Vegetarian Pad Thai,8.5,SGDD10639
Fish Head Curry,14.44,SGDD10639
Mutton Curry,10.14,SGDD10639
Vegetable Curry,10.66,SGDD10639
Pad Thai Chicken (Set 2),13.25,SGDD10639
Mapo Tofu,14.71,4-C7E1AUUGAEUZSA
Sweet & Sour Pork,7.03,4-C7E1AUUGAEUZSA
Char Siew Rice,12.89,4-C7E1AUUGAEUZSA
Braised Pork Belly,11.43,4-C7E1AUUGAEUZSA
Salted Egg Prawns,10.46,4-C7E1AUUGAEUZSA
Steamed Fish with Ginger,11.68,4-C7E1AUUGAEUZSA
Hot & Sour Soup,14.39,4-C7E1AUUGAEUZSA
Stir-fried Kailan,13.25,4-C7E1AUUGAEUZSA
Kung Pao Chicken,14.28,4-C7E1AUUGAEUZSA
Yang Zhou Fried Rice,12.53,4-C7E1AUUGAEUZSA
Nasi Lemak,10.35,4-CZDJSEXTEBVAVX
Char Kway Teow,11.87,4-CZDJSEXTEBVAVX
Roti Canai,12.54,4-CZDJSEXTEBVAVX
Satay Skewers,8.99,4-CZDJSEXTEBVAVX
Daily Special Set,10.18,4-CZDJSEXTEBVAVX
Daily Special Set (Set 2),9.74,4-CZDJSEXTEBVAVX
House Signature Dish,9.35,4-CZDJSEXTEBVAVX
Roti Canai (Set 2),13.44,4-CZDJSEXTEBVAVX
Char Kway Teow (Set 2),8.11,4-CZDJSEXTEBVAVX
Roti Canai (Set 2),11.82,4-CZDJSEXTEBVAVX
BBQ Bacon Burger,7.12,4-C2KDDFCCAYAYNN
Double Beef Burger,5.45,4-C2KDDFCCAYAYNN
Bolognese Spaghetti,5.73,4-C2KDDFCCAYAYNN
Mushroom Soup,7.36,4-C2KDDFCCAYAYNN
Crispy Chicken Burger,8.91,4-C2KDDFCCAYAYNN
Roast Lamb Rack,7.25,4-C2KDDFCCAYAYNN
Classic Cheeseburger,8.79,4-C2KDDFCCAYAYNN
Caesar Salad,6.52,4-C2KDDFCCAYAYNN
Fish & Chips,7.47,4-C2KDDFCCAYAYNN
Carbonara,5.61,4-C2KDDFCCAYAYNN
Sweet & Sour Pork,7.2,4-C7EKHEAXC4DCA6
Mapo Tofu,8.16,4-C7EKHEAXC4DCA6
Stir-fried Kailan,12.36,4-C7EKHEAXC4DCA6
Hot & Sour Soup,8.6,4-C7EKHEAXC4DCA6
Char Siew Rice,13.0,4-C7EKHEAXC4DCA6
Steamed Fish with Ginger,8.29,4-C7EKHEAXC4DCA6
Hokkien Mee,9.29,4-C7EKHEAXC4DCA6
Yang Zhou Fried Rice,9.0,4-C7EKHEAXC4DCA6
Braised Pork Belly,13.72,4-C7EKHEAXC4DCA6
Salted Egg Prawns,12.52,4-C7EKHEAXC4DCA6
Mushroom Soup,12.94,4-C62AVX2VJ8A1VE
Caesar Salad,11.49,4-C62AVX2VJ8A1VE
Ice Kacang,8.9,4-C62AVX2VJ8A1VE
Grilled Chicken Chop,13.27,4-C62AVX2VJ8A1VE
Roast Lamb Rack,13.39,4-C62AVX2VJ8A1VE
Chendol,9.3,4-C62AVX2VJ8A1VE
Tau Huay,12.32,4-C62AVX2VJ8A1VE
Chocolate Sundae,14.41,4-C62AVX2VJ8A1VE
Vanilla Bean Ice Cream,10.1,4-C62AVX2VJ8A1VE
Fish & Chips,14.65,4-C62AVX2VJ8A1VE
Steamed Fish,13.04,4-C73UFGKCNKBDPE
Sweet & Sour Pork,11.37,4-C73UFGKCNKBDPE
Braised Pork Belly,11.83,4-C73UFGKCNKBDPE
Butter Garlic Prawns,13.21,4-C73UFGKCNKBDPE
Steamed Fish with Ginger,14.71,4-C73UFGKCNKBDPE
Yang Zhou Fried Rice,9.35,4-C73UFGKCNKBDPE
Salted Egg Prawns,8.42,4-C73UFGKCNKBDPE
Hot & Sour Soup,12.46,4-C73UFGKCNKBDPE
Seafood Platter,8.5,4-C73UFGKCNKBDPE
Mapo Tofu,8.39,4-C73UFGKCNKBDPE
Bolognese Spaghetti,4.03,4-C8AFN74JGNAFEJ
Fish & Chips,6.33,4-C8AFN74JGNAFEJ
Carbonara,8.69,4-C8AFN74JGNAFEJ
Grilled Chicken Chop,4.2,4-C8AFN74JGNAFEJ
Caesar Salad,8.64,4-C8AFN74JGNAFEJ
Beef Steak,6.98,4-C8AFN74JGNAFEJ
Mushroom Soup,7.87,4-C8AFN74JGNAFEJ
Aglio Olio,7.13,4-C8AFN74JGNAFEJ
Roast Lamb Rack,8.22,4-C8AFN74JGNAFEJ
Truffle Mushroom Pasta,5.51,4-C8AFN74JGNAFEJ
Vegetable Curry,7.93,4-C6WUKBWHGUM2N6
Dry Mee Pok,4.8,4-C6WUKBWHGUM2N6
Fishball Noodles,6.72,4-C6WUKBWHGUM2N6
Dan Dan Noodles,6.02,4-C6WUKBWHGUM2N6
Char Kway Teow,5.75,4-C6WUKBWHGUM2N6
Mutton Curry,8.42,4-C6WUKBWHGUM2N6
Wonton Mee,7.32,4-C6WUKBWHGUM2N6
Fish Head Curry,5.66,4-C6WUKBWHGUM2N6
Prawn Noodle Soup,5.47,4-C6WUKBWHGUM2N6
Nasi Lemak,8.75,4-C6WUKBWHGUM2N6
Salmon Sashimi,8.98,4-C642CJLGJ6VFV2
California Roll,8.12,4-C642CJLGJ6VFV2
Chicken Katsu,8.91,4-C642CJLGJ6VFV2
Tempura Udon,4.04,4-C642CJLGJ6VFV2
Teriyaki Chicken Rice Bowl,7.34,4-C642CJLGJ6VFV2
Beef Don,6.23,4-C642CJLGJ6VFV2
Salmon Poke Bowl,8.52,4-C642CJLGJ6VFV2
Beef Don (Set 2),7.07,4-C642CJLGJ6VFV2
Teriyaki Chicken Rice Bowl (Set 2),7.11,4-C642CJLGJ6VFV2
Tempura Udon (Set 2),8.79,4-C642CJLGJ6VFV2
Hot & Sour Soup,14.29,4-C7EKJEMDJNEAGA
Salted Egg Prawns,13.58,4-C7EKJEMDJNEAGA
Sesame Noodles,10.0,4-C7EKJEMDJNEAGA
Spicy Peanut Noodles,13.42,4-C7EKJEMDJNEAGA
Mee Rebus,10.56,4-C7EKJEMDJNEAGA
Yang Zhou Fried Rice,7.35,4-C7EKJEMDJNEAGA
Sweet & Sour Pork,14.19,4-C7EKJEMDJNEAGA
Mapo Tofu,8.54,4-C7EKJEMDJNEAGA
Beef Brisket Noodles,11.11,4-C7EKJEMDJNEAGA
Hokkien Mee,14.59,4-C7EKJEMDJNEAGA
Mapo Tofu,8.18,4-CZEKBBXDR6TKVX
Bak Kut Teh,5.03,4-CZEKBBXDR6TKVX
Curry Laksa,8.14,4-CZEKBBXDR6TKVX
Braised Pork Belly,8.39,4-CZEKBBXDR6TKVX
Kung Pao Chicken,7.71,4-CZEKBBXDR6TKVX
Char Siew Rice,6.18,4-CZEKBBXDR6TKVX
Herbal Chicken Soup,8.08,4-CZEKBBXDR6TKVX
Prawn Noodle Soup,4.36,4-CZEKBBXDR6TKVX
Wonton Mee,7.43,4-CZEKBBXDR6TKVX
Dry Mee Pok,4.12,4-CZEKBBXDR6TKVX
Spicy Peanut Noodles,11.6,4-C7EJLBMHNB3XAA
Roast Lamb Rack,8.82,4-C7EJLBMHNB3XAA
Grilled Chicken Chop,9.07,4-C7EJLBMHNB3XAA
Fish & Chips,10.1,4-C7EJLBMHNB3XAA
Hand-Pulled Noodles,12.04,4-C7EJLBMHNB3XAA
Sesame Noodles,10.46,4-C7EJLBMHNB3XAA
Rendang,7.14,4-C7EJLBMHNB3XAA
Beef Steak,12.39,4-C7EJLBMHNB3XAA
Mushroom Soup,11.28,4-C7EJLBMHNB3XAA
Mee Rebus,12.13,4-C7EJLBMHNB3XAA
Greek Salad,8.24,4-C661NNMHAKK3PE
Caesar Salad,5.79,4-C661NNMHAKK3PE
Quinoa Salad,6.51,4-C661NNMHAKK3PE
Greek Salad (Set 2),5.45,4-C661NNMHAKK3PE
Chef's Special Combo,7.43,4-C661NNMHAKK3PE
Quinoa Salad (Set 2),7.03,4-C661NNMHAKK3PE
Caesar Salad (Set 2),5.41,4-C661NNMHAKK3PE
Greek Salad (Set 2),8.63,4-C661NNMHAKK3PE
Chef's Special Combo (Set 2),5.91,4-C661NNMHAKK3PE
Caesar Salad (Set 2),8.11,4-C661NNMHAKK3PE
Nasi Lemak,4.72,4-C6V2R8L2R6UDVJ
Wonton Mee,7.39,4-C6V2R8L2R6UDVJ
Roti Canai,8.57,4-C6V2R8L2R6UDVJ
Dan Dan Noodles,7.98,4-C6V2R8L2R6UDVJ
Satay Skewers,7.65,4-C6V2R8L2R6UDVJ
Grilled Chicken Thigh,5.87,4-C6V2R8L2R6UDVJ
Prawn Laksa,8.75,4-C6V2R8L2R6UDVJ
Dry Mee Pok,6.77,4-C6V2R8L2R6UDVJ
Katong Laksa,6.78,4-C6V2R8L2R6UDVJ
Curry Laksa,4.62,4-C6V2R8L2R6UDVJ
Braised Pork Belly,6.06,4-CZDVCJAJJKUYTT
Salted Egg Prawns,7.23,4-CZDVCJAJJKUYTT
Grilled Prawns,6.56,4-CZDVCJAJJKUYTT
Char Siew Rice,4.8,4-CZDVCJAJJKUYTT
Stir-fried Kailan,5.1,4-CZDVCJAJJKUYTT
Sweet & Sour Pork,8.17,4-CZDVCJAJJKUYTT
Kung Pao Chicken,4.97,4-CZDVCJAJJKUYTT
Hot & Sour Soup,4.91,4-CZDVCJAJJKUYTT
Chili Crab,8.0,4-CZDVCJAJJKUYTT
Mapo Tofu,8.26,4-CZDVCJAJJKUYTT
Fresh Produce Box,9.01,4-CZEHGPMESFWDKE
Household Essentials Pack,8.58,4-CZEHGPMESFWDKE
Fresh Produce Box (Set 2),11.64,4-CZEHGPMESFWDKE
Today's Recommendation,14.61,4-CZEHGPMESFWDKE
Household Essentials Pack (Set 2),9.86,4-CZEHGPMESFWDKE
Fresh Produce Box (Set 2),12.37,4-CZEHGPMESFWDKE
Chef's Special Combo,8.88,4-CZEHGPMESFWDKE
Daily Special Set,9.28,4-CZEHGPMESFWDKE
Household Essentials Pack (Set 2),7.56,4-CZEHGPMESFWDKE
Chef's Special Combo (Set 2),8.55,4-CZEHGPMESFWDKE
Chef's Special Combo,13.46,4-C33HJBEDEFEZSE
House Signature Dish,14.67,4-C33HJBEDEFEZSE
Daily Special Set,8.35,4-C33HJBEDEFEZSE
Today's Recommendation,9.51,4-C33HJBEDEFEZSE
Today's Recommendation (Set 2),13.29,4-C33HJBEDEFEZSE
Today's Recommendation (Set 2),12.7,4-C33HJBEDEFEZSE
House Signature Dish (Set 2),12.13,4-C33HJBEDEFEZSE
Chef's Special Combo (Set 2),9.21,4-C33HJBEDEFEZSE
Daily Special Set (Set 2),9.88,4-C33HJBEDEFEZSE
House Signature Dish (Set 2),12.44,4-C33HJBEDEFEZSE
House Red Wine,14.02,4-C8ATNZLCVXTGR6
Draft Beer,10.7,4-C8ATNZLCVXTGR6
Whisky Highball,9.87,4-C8ATNZLCVXTGR6
Instant Noodles Pack,9.44,4-C8ATNZLCVXTGR6
Snack Bundle,11.41,4-C8ATNZLCVXTGR6
Bottled Drink,8.41,4-C8ATNZLCVXTGR6
Fresh Orange Juice,11.85,4-C8ATNZLCVXTGR6
Iced Chrysanthemum Tea,13.73,4-C8ATNZLCVXTGR6
Soda Float,13.87,4-C8ATNZLCVXTGR6
Draft Beer (Set 2),8.12,4-C8ATNZLCVXTGR6
Snack Bundle,13.15,4-C7CDNZDXKEBJPE
Tau Huay,8.7,4-C7CDNZDXKEBJPE
Vanilla Bean Ice Cream,7.29,4-C7CDNZDXKEBJPE
Matcha Ice Cream,9.08,4-C7CDNZDXKEBJPE
Chocolate Sundae,14.15,4-C7CDNZDXKEBJPE
Mango Sticky Rice,11.32,4-C7CDNZDXKEBJPE
Instant Noodles Pack,12.23,4-C7CDNZDXKEBJPE
Bottled Drink,8.19,4-C7CDNZDXKEBJPE
Ice Kacang,10.14,4-C7CDNZDXKEBJPE
Chendol,14.13,4-C7CDNZDXKEBJPE
Onigiri Rice Ball,13.86,4-C6DGTUX1UELWJ2
Ready-to-eat Meal Box,8.07,4-C6DGTUX1UELWJ2
Vanilla Bean Ice Cream,11.01,4-C6DGTUX1UELWJ2
Matcha Ice Cream,7.72,4-C6DGTUX1UELWJ2
Chocolate Sundae,9.91,4-C6DGTUX1UELWJ2
Instant Noodles Pack,7.08,4-C6DGTUX1UELWJ2
Snack Bundle,8.91,4-C6DGTUX1UELWJ2
Bottled Drink,14.71,4-C6DGTUX1UELWJ2
Instant Noodles Pack (Set 2),14.85,4-C6DGTUX1UELWJ2
Bottled Drink (Set 2),12.47,4-C6DGTUX1UELWJ2
Crispy Chicken Burger,8.7,SGDD01157
Mushroom Soup,4.2,SGDD01157
Classic Cheeseburger,7.81,SGDD01157
Roast Lamb Rack,5.16,SGDD01157
Beef Steak,5.32,SGDD01157
Popcorn Chicken,5.17,SGDD01157
Sesame Chicken,7.34,SGDD01157
Korean Fried Chicken,6.59,SGDD01157
BBQ Bacon Burger,7.96,SGDD01157
Spicy Fried Chicken,5.94,SGDD01157
Chicken Burrito,8.17,4-C2DHGTNWEPDHAJ
Beef Tacos,5.32,4-C2DHGTNWEPDHAJ
Nachos Supreme,6.72,4-C2DHGTNWEPDHAJ
Quesadilla,4.87,4-C2DHGTNWEPDHAJ
Quesadilla (Set 2),7.27,4-C2DHGTNWEPDHAJ
Chef's Special Combo,5.83,4-C2DHGTNWEPDHAJ
Chef's Special Combo (Set 2),7.27,4-C2DHGTNWEPDHAJ
Beef Tacos (Set 2),8.18,4-C2DHGTNWEPDHAJ
House Signature Dish,6.58,4-C2DHGTNWEPDHAJ
Chicken Burrito (Set 2),5.88,4-C2DHGTNWEPDHAJ
Caesar Salad,11.01,4-CY4YHE4AMFTWJE
Honey Glazed Wings,8.11,4-CY4YHE4AMFTWJE
Original Fried Chicken,8.32,4-CY4YHE4AMFTWJE
Roast Lamb Rack,7.62,4-CY4YHE4AMFTWJE
Popcorn Chicken,12.15,4-CY4YHE4AMFTWJE
Beef Steak,8.69,4-CY4YHE4AMFTWJE
Korean Fried Chicken,8.5,4-CY4YHE4AMFTWJE
Mushroom Soup,9.9,4-CY4YHE4AMFTWJE
Spicy Fried Chicken,12.74,4-CY4YHE4AMFTWJE
Grilled Chicken Chop,7.95,4-CY4YHE4AMFTWJE
Nasi Lemak,10.85,4-C4LHN7N2KEDFFE
Char Kway Teow,10.83,4-C4LHN7N2KEDFFE
Roti Canai,8.69,4-C4LHN7N2KEDFFE
Satay Skewers,8.29,4-C4LHN7N2KEDFFE
Nasi Lemak with Fried Chicken,13.67,4-C4LHN7N2KEDFFE
Nasi Lemak with Sambal Sotong,7.18,4-C4LHN7N2KEDFFE
Today's Recommendation,7.35,4-C4LHN7N2KEDFFE
Roti Canai (Set 2),11.59,4-C4LHN7N2KEDFFE
Char Kway Teow (Set 2),8.29,4-C4LHN7N2KEDFFE
House Signature Dish,12.04,4-C4LHN7N2KEDFFE
Classic Milk Tea,6.58,SGDD00644
Brown Sugar Boba Milk Tea,6.03,SGDD00644
Taro Milk Tea,8.85,SGDD00644
Chef's Special Combo,7.19,SGDD00644
Classic Milk Tea (Set 2),8.39,SGDD00644
House Signature Dish,7.64,SGDD00644
Chef's Special Combo (Set 2),8.11,SGDD00644
House Signature Dish (Set 2),8.74,SGDD00644
Daily Special Set,5.08,SGDD00644
House Signature Dish (Set 2),7.03,SGDD00644
Fresh Orange Juice,11.81,4-C72HABD1CKVVNE
Iced Chrysanthemum Tea,13.36,4-C72HABD1CKVVNE
Soda Float,13.56,4-C72HABD1CKVVNE
Today's Recommendation,8.46,4-C72HABD1CKVVNE
Soda Float (Set 2),12.28,4-C72HABD1CKVVNE
Today's Recommendation (Set 2),9.12,4-C72HABD1CKVVNE
House Signature Dish,12.79,4-C72HABD1CKVVNE
House Signature Dish (Set 2),9.74,4-C72HABD1CKVVNE
Soda Float (Set 2),10.63,4-C72HABD1CKVVNE
Today's Recommendation (Set 2),11.72,4-C72HABD1CKVVNE
Pepperoni Pizza,13.61,4-C7WAKBTFBGKZCN
Bolognese Spaghetti,11.84,4-C7WAKBTFBGKZCN
Ice Kacang,8.42,4-C7WAKBTFBGKZCN
Beef Steak,14.21,4-C7WAKBTFBGKZCN
Fish & Chips,11.8,4-C7WAKBTFBGKZCN
Grilled Chicken Chop,14.02,4-C7WAKBTFBGKZCN
Caesar Salad,11.25,4-C7WAKBTFBGKZCN
Hawaiian Pizza,13.02,4-C7WAKBTFBGKZCN
Carbonara,7.75,4-C7WAKBTFBGKZCN
Margherita Pizza,12.28,4-C7WAKBTFBGKZCN
Popcorn Chicken,8.84,SGDD09105
Honey Glazed Wings,13.42,SGDD09105
Grilled Chicken Chop,13.32,SGDD09105
Original Fried Chicken,10.05,SGDD09105
Mushroom Soup,11.71,SGDD09105
Caesar Salad,12.93,SGDD09105
Beef Steak,13.09,SGDD09105
Korean Fried Chicken,12.57,SGDD09105
Spicy Fried Chicken,7.78,SGDD09105
Fish & Chips,8.07,SGDD09105
Nasi Padang,13.13,4-C6U1C8JWGPATWA
Beef Rendang,14.28,4-C6U1C8JWGPATWA
Gado Gado,7.67,4-C6U1C8JWGPATWA
Sate Ayam,11.79,4-C6U1C8JWGPATWA
Original Fried Chicken,11.35,4-C6U1C8JWGPATWA
Spicy Fried Chicken,9.06,4-C6U1C8JWGPATWA
Honey Glazed Wings,7.04,4-C6U1C8JWGPATWA
Popcorn Chicken,12.95,4-C6U1C8JWGPATWA
Korean Fried Chicken,7.06,4-C6U1C8JWGPATWA
Sate Ayam (Set 2),11.18,4-C6U1C8JWGPATWA
Popiah,10.41,4-C7XZRREURE6CAE
Chicken Burrito,11.68,4-C7XZRREURE6CAE
Quinoa Salad,9.09,4-C7XZRREURE6CAE
Caesar Salad,11.29,4-C7XZRREURE6CAE
Beef Tacos,11.52,4-C7XZRREURE6CAE
Nachos Supreme,11.9,4-C7XZRREURE6CAE
Quesadilla,14.93,4-C7XZRREURE6CAE
Curry Puff,10.18,4-C7XZRREURE6CAE
Spring Rolls,8.63,4-C7XZRREURE6CAE
Greek Salad,11.42,4-C7XZRREURE6CAE
Kimchi Jjigae,9.96,4-C7A3LJDVJGNCEJ
Tteokbokki,11.44,4-C7A3LJDVJGNCEJ
Bulgogi Beef,9.03,4-C7A3LJDVJGNCEJ
Korean Fried Chicken,9.45,4-C7A3LJDVJGNCEJ
Beef Bibimbap,9.75,4-C7A3LJDVJGNCEJ
Vegetable Bibimbap,12.64,4-C7A3LJDVJGNCEJ
Spicy Bibimbap,12.89,4-C7A3LJDVJGNCEJ
Beef Bibimbap (Set 2),13.84,4-C7A3LJDVJGNCEJ
Korean Fried Chicken (Set 2),12.27,4-C7A3LJDVJGNCEJ
Daily Special Set,12.98,4-C7A3LJDVJGNCEJ
Honey Glazed Wings,10.11,SGDD01903
Katong Laksa,12.09,SGDD01903
Nasi Lemak with Sambal Sotong,13.43,SGDD01903
Korean Fried Chicken,13.59,SGDD01903
Prawn Laksa,10.77,SGDD01903
Curry Laksa,11.8,SGDD01903
Popcorn Chicken,7.71,SGDD01903
Original Fried Chicken,9.1,SGDD01903
Nasi Lemak with Fried Chicken,9.97,SGDD01903
Spicy Fried Chicken,11.87,SGDD01903
Spicy Fried Chicken,10.95,4-C7UFAEW2DEMWSA
Popcorn Chicken,7.09,4-C7UFAEW2DEMWSA
Classic Cheeseburger,13.8,4-C7UFAEW2DEMWSA
Mushroom Swiss Burger,14.45,4-C7UFAEW2DEMWSA
BBQ Bacon Burger,11.15,4-C7UFAEW2DEMWSA
Crispy Chicken Burger,8.56,4-C7UFAEW2DEMWSA
Mushroom Soup,13.27,4-C7UFAEW2DEMWSA
Grilled Chicken Chop,11.08,4-C7UFAEW2DEMWSA
Beef Steak,12.59,4-C7UFAEW2DEMWSA
Roast Lamb Rack,11.92,4-C7UFAEW2DEMWSA
Braised Pork Belly,12.36,4-C7DHVTBYT4EAUA
Mapo Tofu,10.24,4-C7DHVTBYT4EAUA
Yang Zhou Fried Rice,8.6,4-C7DHVTBYT4EAUA
Stir-fried Kailan,7.12,4-C7DHVTBYT4EAUA
Salted Egg Prawns,12.63,4-C7DHVTBYT4EAUA
Sweet & Sour Pork,14.35,4-C7DHVTBYT4EAUA
Char Siew Rice,11.4,4-C7DHVTBYT4EAUA
Steamed Fish with Ginger,12.81,4-C7DHVTBYT4EAUA
Kung Pao Chicken,11.47,4-C7DHVTBYT4EAUA
Hot & Sour Soup,11.66,4-C7DHVTBYT4EAUA
Roast Lamb Rack,9.09,4-CZDUT8BVNPVVAN
Bolognese Spaghetti,10.26,4-CZDUT8BVNPVVAN
Mushroom Soup,7.85,4-CZDUT8BVNPVVAN
Caesar Salad,7.58,4-CZDUT8BVNPVVAN
Popcorn Chicken,9.35,4-CZDUT8BVNPVVAN
Carbonara,14.58,4-CZDUT8BVNPVVAN
Spicy Fried Chicken,13.42,4-CZDUT8BVNPVVAN
Original Fried Chicken,14.65,4-CZDUT8BVNPVVAN
Aglio Olio,14.01,4-CZDUT8BVNPVVAN
Grilled Chicken Chop,13.51,4-CZDUT8BVNPVVAN
Kimchi Jjigae,14.69,4-C6CWVYWURN5XJ6
Tteokbokki,10.67,4-C6CWVYWURN5XJ6
Bulgogi Beef,10.69,4-C6CWVYWURN5XJ6
Korean Fried Chicken,11.69,4-C6CWVYWURN5XJ6
Kimchi Jjigae (Set 2),7.22,4-C6CWVYWURN5XJ6
Korean Fried Chicken (Set 2),7.93,4-C6CWVYWURN5XJ6
Bulgogi Beef (Set 2),7.54,4-C6CWVYWURN5XJ6
Korean Fried Chicken (Set 2),12.07,4-C6CWVYWURN5XJ6
Today's Recommendation,14.95,4-C6CWVYWURN5XJ6
Tteokbokki (Set 2),12.42,4-C6CWVYWURN5XJ6
Hot & Sour Soup,7.74,4-C7BUNFXDACAWWA
Har Gow Prawn Dumplings,12.39,4-C7BUNFXDACAWWA
Egg Tarts,13.57,4-C7BUNFXDACAWWA
Siew Mai Pork Dumplings,7.61,4-C7BUNFXDACAWWA
Braised Pork Belly,14.45,4-C7BUNFXDACAWWA
Lo Mai Gai,10.81,4-C7BUNFXDACAWWA
Custard Buns,9.83,4-C7BUNFXDACAWWA
Steamed Fish with Ginger,14.15,4-C7BUNFXDACAWWA
Yang Zhou Fried Rice,9.15,4-C7BUNFXDACAWWA
Char Siew Bao,14.58,4-C7BUNFXDACAWWA
Tom Yum Soup,12.88,SGDD00985
Green Curry Chicken,13.98,SGDD00985
Mango Sticky Rice,8.65,SGDD00985
Pad Thai Chicken,8.62,SGDD00985
Pad Thai Prawn,9.0,SGDD00985
Vegetarian Pad Thai,11.95,SGDD00985
Today's Recommendation,8.25,SGDD00985
Pad Thai Chicken (Set 2),7.85,SGDD00985
Today's Recommendation (Set 2),14.36,SGDD00985
Today's Recommendation (Set 2),12.41,SGDD00985
Egg Fried Rice,10.94,4-C4CTAB6WFAXCJA
Hot & Sour Soup,14.88,4-C4CTAB6WFAXCJA
Salted Egg Prawns,14.18,4-C4CTAB6WFAXCJA
Braised Pork Belly,13.95,4-C4CTAB6WFAXCJA
Stir-fried Kailan,10.93,4-C4CTAB6WFAXCJA
Kimchi Fried Rice,14.88,4-C4CTAB6WFAXCJA
Char Siew Rice,14.33,4-C4CTAB6WFAXCJA
Yang Zhou Fried Rice,9.24,4-C4CTAB6WFAXCJA
Kung Pao Chicken,8.78,4-C4CTAB6WFAXCJA
Steamed Fish with Ginger,11.61,4-C4CTAB6WFAXCJA
Curry Puff,8.0,4-CYWYVGCJTJVHTX
Popiah,6.39,4-CYWYVGCJTJVHTX
Spring Rolls,6.7,4-CYWYVGCJTJVHTX
Original Fried Chicken,6.51,4-CYWYVGCJTJVHTX
Spicy Fried Chicken,5.97,4-CYWYVGCJTJVHTX
Honey Glazed Wings,7.43,4-CYWYVGCJTJVHTX
Popcorn Chicken,4.87,4-CYWYVGCJTJVHTX
Korean Fried Chicken,8.88,4-CYWYVGCJTJVHTX
Chef's Special Combo,7.49,4-CYWYVGCJTJVHTX
Spicy Fried Chicken (Set 2),6.3,4-CYWYVGCJTJVHTX
Nasi Padang,7.07,4-C6NCNJLDT6CHNJ
Beef Rendang,12.39,4-C6NCNJLDT6CHNJ
Gado Gado,10.04,4-C6NCNJLDT6CHNJ
Sate Ayam,7.81,4-C6NCNJLDT6CHNJ
Original Fried Chicken,9.89,4-C6NCNJLDT6CHNJ
Spicy Fried Chicken,13.89,4-C6NCNJLDT6CHNJ
Honey Glazed Wings,8.5,4-C6NCNJLDT6CHNJ
Popcorn Chicken,9.1,4-C6NCNJLDT6CHNJ
Korean Fried Chicken,9.16,4-C6NCNJLDT6CHNJ
Popcorn Chicken (Set 2),14.67,4-C6NCNJLDT6CHNJ
Nasi Padang,10.39,SGDD07091
Beef Rendang,10.35,SGDD07091
Gado Gado,13.02,SGDD07091
Sate Ayam,9.92,SGDD07091
Nasi Lemak with Fried Chicken,10.2,SGDD07091
Nasi Lemak with Sambal Sotong,10.61,SGDD07091
Beef Rendang (Set 2),11.57,SGDD07091
Beef Rendang (Set 2),14.83,SGDD07091
Daily Special Set,12.49,SGDD07091
Sate Ayam (Set 2),13.51,SGDD07091
Grilled Cheese Sandwich,8.03,4-CZEHKFBWSEUHL6
Classic Cheeseburger,4.88,4-CZEHKFBWSEUHL6
Tempura Udon,6.5,4-CZEHKFBWSEUHL6
BBQ Bacon Burger,8.98,4-CZEHKFBWSEUHL6
Crispy Chicken Burger,8.25,4-CZEHKFBWSEUHL6
Club Sandwich,6.59,4-CZEHKFBWSEUHL6
California Roll,7.6,4-CZEHKFBWSEUHL6
Mushroom Swiss Burger,7.93,4-CZEHKFBWSEUHL6
Double Beef Burger,5.5,4-CZEHKFBWSEUHL6
Egg Mayo Sandwich,6.81,4-CZEHKFBWSEUHL6
Sweet & Sour Pork,10.6,4-C3XBNKWHTUNYVJ
Chili Crab,9.68,4-C3XBNKWHTUNYVJ
Yang Zhou Fried Rice,9.89,4-C3XBNKWHTUNYVJ
Roasted Chicken Rice,11.48,4-C3XBNKWHTUNYVJ
Kung Pao Chicken,14.45,4-C3XBNKWHTUNYVJ
Braised Pork Belly,9.06,4-C3XBNKWHTUNYVJ
Egg Fried Rice,7.16,4-C3XBNKWHTUNYVJ
Steamed Fish with Ginger,7.97,4-C3XBNKWHTUNYVJ
Hot & Sour Soup,13.94,4-C3XBNKWHTUNYVJ
Kimchi Fried Rice,14.7,4-C3XBNKWHTUNYVJ
Tempura Udon,7.87,4-CZEHKFBWSEUHL6
Club Sandwich,6.23,4-CZEHKFBWSEUHL6
Grilled Cheese Sandwich,4.39,4-CZEHKFBWSEUHL6
BBQ Bacon Burger,7.07,4-CZEHKFBWSEUHL6
Chicken Katsu,6.32,4-CZEHKFBWSEUHL6
Classic Cheeseburger,8.78,4-CZEHKFBWSEUHL6
Egg Mayo Sandwich,8.34,4-CZEHKFBWSEUHL6
Crispy Chicken Burger,7.2,4-CZEHKFBWSEUHL6
Mushroom Swiss Burger,8.64,4-CZEHKFBWSEUHL6
Tuna Sandwich,6.11,4-CZEHKFBWSEUHL6
Chili Crab,11.84,4-C3XBNKWHTUNYVJ
Kung Pao Chicken,10.16,4-C3XBNKWHTUNYVJ
Seafood Fried Rice,14.1,4-C3XBNKWHTUNYVJ
Egg Fried Rice,13.25,4-C3XBNKWHTUNYVJ
Mapo Tofu,14.51,4-C3XBNKWHTUNYVJ
Yang Zhou Fried Rice,12.98,4-C3XBNKWHTUNYVJ
Grilled Prawns,11.17,4-C3XBNKWHTUNYVJ
Roasted Chicken Rice,10.6,4-C3XBNKWHTUNYVJ
Steamed Fish with Ginger,8.34,4-C3XBNKWHTUNYVJ
Salted Egg Prawns,13.83,4-C3XBNKWHTUNYVJ
Chef's Special Combo,10.18,4-C2UBVBVKRTV2ME
House Signature Dish,7.76,4-C2UBVBVKRTV2ME
Daily Special Set,14.49,4-C2UBVBVKRTV2ME
Today's Recommendation,10.79,4-C2UBVBVKRTV2ME
Daily Special Set (Set 2),7.43,4-C2UBVBVKRTV2ME
Today's Recommendation (Set 2),13.17,4-C2UBVBVKRTV2ME
Chef's Special Combo (Set 2),11.19,4-C2UBVBVKRTV2ME
House Signature Dish (Set 2),14.97,4-C2UBVBVKRTV2ME
Today's Recommendation (Set 2),7.83,4-C2UBVBVKRTV2ME
Daily Special Set (Set 2),11.94,4-C2UBVBVKRTV2ME
Classic Milk Tea,9.27,4-CY6TTYNEG2T2TN
Brown Sugar Boba Milk Tea,12.01,4-CY6TTYNEG2T2TN
Taro Milk Tea,8.05,4-CY6TTYNEG2T2TN
Chef's Special Combo,13.71,4-CY6TTYNEG2T2TN
Brown Sugar Boba Milk Tea (Set 2),7.23,4-CY6TTYNEG2T2TN
Today's Recommendation,12.31,4-CY6TTYNEG2T2TN
Daily Special Set,13.88,4-CY6TTYNEG2T2TN
House Signature Dish,9.6,4-CY6TTYNEG2T2TN
House Signature Dish (Set 2),10.81,4-CY6TTYNEG2T2TN
Brown Sugar Boba Milk Tea (Set 2),14.8,4-CY6TTYNEG2T2TN
Grilled Chicken Chop,14.48,4-C4LGTJ4KWEKXA6
Fish & Chips,11.39,4-C4LGTJ4KWEKXA6
Beef Steak,8.08,4-C4LGTJ4KWEKXA6
Caesar Salad,14.59,4-C4LGTJ4KWEKXA6
Mushroom Soup,11.31,4-C4LGTJ4KWEKXA6
Roast Lamb Rack,11.73,4-C4LGTJ4KWEKXA6
Chili Crab,10.65,4-C4LGTJ4KWEKXA6
Grilled Prawns,12.99,4-C4LGTJ4KWEKXA6
Salt & Pepper Squid,14.02,4-C4LGTJ4KWEKXA6
Mushroom Soup (Set 2),10.48,4-C4LGTJ4KWEKXA6
Hokkien Mee,9.46,4-C73AVK4CDEAXEJ
Rendang,10.3,4-C73AVK4CDEAXEJ
Stir-fried Kailan,8.25,4-C73AVK4CDEAXEJ
Steamed Fish with Ginger,7.08,4-C73AVK4CDEAXEJ
Mapo Tofu,11.19,4-C73AVK4CDEAXEJ
Hot & Sour Soup,13.07,4-C73AVK4CDEAXEJ
Salted Egg Prawns,8.09,4-C73AVK4CDEAXEJ
Sweet & Sour Pork,9.29,4-C73AVK4CDEAXEJ
Braised Pork Belly,11.28,4-C73AVK4CDEAXEJ
Yang Zhou Fried Rice,12.5,4-C73AVK4CDEAXEJ
Instant Noodles Pack,13.38,4-C7BTR6E2GT4WNE
Snack Bundle,11.78,4-C7BTR6E2GT4WNE
Bottled Drink,13.37,4-C7BTR6E2GT4WNE
Today's Recommendation,11.39,4-C7BTR6E2GT4WNE
Bottled Drink (Set 2),8.51,4-C7BTR6E2GT4WNE
Today's Recommendation (Set 2),14.06,4-C7BTR6E2GT4WNE
Daily Special Set,10.5,4-C7BTR6E2GT4WNE
Chef's Special Combo,9.0,4-C7BTR6E2GT4WNE
Bottled Drink (Set 2),12.72,4-C7BTR6E2GT4WNE
Today's Recommendation (Set 2),12.17,4-C7BTR6E2GT4WNE
Wonton Mee,12.19,4-CYWULTB2LAKXTT
Kaya Toast,11.26,4-CYWULTB2LAKXTT
French Toast,9.15,4-CYWULTB2LAKXTT
Green Curry Chicken,8.5,4-CYWULTB2LAKXTT
Dry Mee Pok,7.55,4-CYWULTB2LAKXTT
Cheese Toast,8.09,4-CYWULTB2LAKXTT
Braised Beef Noodles,7.88,4-CYWULTB2LAKXTT
Prawn Noodle Soup,10.64,4-CYWULTB2LAKXTT
Mango Sticky Rice,10.62,4-CYWULTB2LAKXTT
Dan Dan Noodles,12.6,4-CYWULTB2LAKXTT
Egg Mayo Sandwich,9.26,4-CZBVVLLULCBVKA
Flat White,8.0,4-CZBVVLLULCBVKA
Chocolate Fudge Cake,10.51,4-CZBVVLLULCBVKA
Grilled Chicken Chop,7.07,4-CZBVVLLULCBVKA
Beef Steak,7.72,4-CZBVVLLULCBVKA
Club Sandwich,7.12,4-CZBVVLLULCBVKA
Iced Latte,8.74,4-CZBVVLLULCBVKA
Cheesecake,10.36,4-CZBVVLLULCBVKA
Carrot Cake,13.29,4-CZBVVLLULCBVKA
Fish & Chips,10.99,4-CZBVVLLULCBVKA
Chef's Special Combo,7.45,4-C763EXAHV7KEL6
House Signature Dish,13.21,4-C763EXAHV7KEL6
Daily Special Set,7.57,4-C763EXAHV7KEL6
Today's Recommendation,10.76,4-C763EXAHV7KEL6
House Signature Dish (Set 2),8.54,4-C763EXAHV7KEL6
Today's Recommendation (Set 2),13.73,4-C763EXAHV7KEL6
Chef's Special Combo (Set 2),13.54,4-C763EXAHV7KEL6
House Signature Dish (Set 2),13.63,4-C763EXAHV7KEL6
House Signature Dish (Set 2),7.98,4-C763EXAHV7KEL6
Daily Special Set (Set 2),13.15,4-C763EXAHV7KEL6
Chef's Special Combo,10.69,4-CZB2CXEHV3NVAX
House Signature Dish,13.17,4-CZB2CXEHV3NVAX
Daily Special Set,11.17,4-CZB2CXEHV3NVAX
Today's Recommendation,14.86,4-CZB2CXEHV3NVAX
Today's Recommendation (Set 2),10.78,4-CZB2CXEHV3NVAX
Daily Special Set (Set 2),12.45,4-CZB2CXEHV3NVAX
Today's Recommendation (Set 2),9.5,4-CZB2CXEHV3NVAX
Today's Recommendation (Set 2),9.58,4-CZB2CXEHV3NVAX
Chef's Special Combo (Set 2),12.03,4-CZB2CXEHV3NVAX
Today's Recommendation (Set 2),7.34,4-CZB2CXEHV3NVAX
Yang Zhou Fried Rice,8.89,4-C3XALNUJGVC2C6
Steamed Fish with Ginger,10.47,4-C3XALNUJGVC2C6
Hot & Sour Soup,7.12,4-C3XALNUJGVC2C6
Herbal Chicken Soup,13.36,4-C3XALNUJGVC2C6
Chicken Cutlet,11.68,4-C3XALNUJGVC2C6
Sesame Chicken,10.17,4-C3XALNUJGVC2C6
Mapo Tofu,8.94,4-C3XALNUJGVC2C6
Braised Pork Belly,14.75,4-C3XALNUJGVC2C6
Sweet Corn Soup,11.65,4-C3XALNUJGVC2C6
Stir-fried Kailan,12.53,4-C3XALNUJGVC2C6
Har Gow Prawn Dumplings,8.24,4-C2TZNFCEDF6KAX
Siew Mai Pork Dumplings,13.17,4-C2TZNFCEDF6KAX
Char Siew Bao,8.99,4-C2TZNFCEDF6KAX
Egg Tarts,11.0,4-C2TZNFCEDF6KAX
Chee Cheong Fun,12.49,4-C2TZNFCEDF6KAX
Spring Rolls,9.71,4-C2TZNFCEDF6KAX
Lo Mai Gai,14.76,4-C2TZNFCEDF6KAX
Custard Buns,13.08,4-C2TZNFCEDF6KAX
Custard Buns (Set 2),7.48,4-C2TZNFCEDF6KAX
Spring Rolls (Set 2),9.84,4-C2TZNFCEDF6KAX
Mushroom Soup,13.44,4-C6EFWF3KGYUCV2
Aglio Olio,10.51,4-C6EFWF3KGYUCV2
Caesar Salad,8.54,4-C6EFWF3KGYUCV2
Truffle Mushroom Pasta,12.51,4-C6EFWF3KGYUCV2
Korean Fried Chicken,9.87,4-C6EFWF3KGYUCV2
Bolognese Spaghetti,8.08,4-C6EFWF3KGYUCV2
Roast Lamb Rack,14.19,4-C6EFWF3KGYUCV2
Crispy Chicken Burger,10.88,4-C6EFWF3KGYUCV2
BBQ Bacon Burger,10.5,4-C6EFWF3KGYUCV2
Honey Glazed Wings,9.36,4-C6EFWF3KGYUCV2
Dry Mee Pok,8.16,4-C3NBCNWHT7LDJA
Yang Zhou Fried Rice,8.57,4-C3NBCNWHT7LDJA
Salted Egg Prawns,6.77,4-C3NBCNWHT7LDJA
Kung Pao Chicken,4.34,4-C3NBCNWHT7LDJA
Stir-fried Kailan,4.78,4-C3NBCNWHT7LDJA
Mapo Tofu,5.48,4-C3NBCNWHT7LDJA
Wonton Mee,5.32,4-C3NBCNWHT7LDJA
Hot & Sour Soup,5.84,4-C3NBCNWHT7LDJA
Steamed Fish with Ginger,4.0,4-C3NBCNWHT7LDJA
Char Siew Rice,7.19,4-C3NBCNWHT7LDJA
Char Siew Rice,15.85,4-C3EBTEAVJP31CJ
Chicken Cutlet,23.25,4-C3EBTEAVJP31CJ
Kung Pao Chicken,24.49,4-C3EBTEAVJP31CJ
Braised Pork Belly,15.31,4-C3EBTEAVJP31CJ
Mapo Tofu,17.25,4-C3EBTEAVJP31CJ
Yang Zhou Fried Rice,19.15,4-C3EBTEAVJP31CJ
Grilled Chicken Thigh,17.83,4-C3EBTEAVJP31CJ
Stir-fried Kailan,14.44,4-C3EBTEAVJP31CJ
Salted Egg Prawns,22.88,4-C3EBTEAVJP31CJ
Hot & Sour Soup,13.66,4-C3EBTEAVJP31CJ
Steamed Fish with Ginger,12.13,4-C6LWE3DDPCL3L6
Mapo Tofu,10.11,4-C6LWE3DDPCL3L6
Sweet & Sour Pork,10.92,4-C6LWE3DDPCL3L6
Char Siew Rice,11.99,4-C6LWE3DDPCL3L6
Prawn Noodle Soup,11.72,4-C6LWE3DDPCL3L6
Hot & Sour Soup,7.39,4-C6LWE3DDPCL3L6
Yang Zhou Fried Rice,8.77,4-C6LWE3DDPCL3L6
Dan Dan Noodles,12.74,4-C6LWE3DDPCL3L6
Braised Pork Belly,7.1,4-C6LWE3DDPCL3L6
Salted Egg Prawns,14.37,4-C6LWE3DDPCL3L6
Hainanese Chicken Rice,6.79,SGDD01485
Roasted Chicken Rice,8.69,SGDD01485
Grilled Chicken Thigh,6.08,SGDD01485
Chicken Cutlet,5.85,SGDD01485
Sesame Chicken,7.54,SGDD01485
Chicken Cutlet (Set 2),8.12,SGDD01485
House Signature Dish,5.33,SGDD01485
Chicken Cutlet (Set 2),4.2,SGDD01485
Chef's Special Combo,4.35,SGDD01485
Roasted Chicken Rice (Set 2),5.52,SGDD01485
Caesar Salad,12.26,4-C4BGLUDACPUGCN
Crispy Chicken Burger,11.56,4-C4BGLUDACPUGCN
Fish & Chips,14.58,4-C4BGLUDACPUGCN
Grilled Chicken Thigh,11.47,4-C4BGLUDACPUGCN
Sesame Chicken,11.47,4-C4BGLUDACPUGCN
Chicken Cutlet,12.97,4-C4BGLUDACPUGCN
Classic Cheeseburger,13.13,4-C4BGLUDACPUGCN
BBQ Bacon Burger,11.61,4-C4BGLUDACPUGCN
Double Beef Burger,12.4,4-C4BGLUDACPUGCN
Mushroom Soup,12.62,4-C4BGLUDACPUGCN
Classic Cheeseburger,11.27,4-C64KLGAHR7EXVN
Fish & Chips,11.8,4-C64KLGAHR7EXVN
Beef Steak,14.47,4-C64KLGAHR7EXVN
Crispy Chicken Burger,14.22,4-C64KLGAHR7EXVN
Mushroom Soup,11.4,4-C64KLGAHR7EXVN
Caesar Salad,14.97,4-C64KLGAHR7EXVN
BBQ Bacon Burger,13.76,4-C64KLGAHR7EXVN
Double Beef Burger,10.3,4-C64KLGAHR7EXVN
Roast Lamb Rack,12.07,4-C64KLGAHR7EXVN
Grilled Chicken Chop,13.61,4-C64KLGAHR7EXVN
Beef Don,7.0,4-CYTTJJ3ATB33CN
Tempura Udon,7.28,4-CYTTJJ3ATB33CN
Salmon Teriyaki Bento,9.28,4-CYTTJJ3ATB33CN
Chicken Katsu Bento,7.13,4-CYTTJJ3ATB33CN
Teriyaki Chicken Rice Bowl,8.08,4-CYTTJJ3ATB33CN
Chicken Katsu,14.12,4-CYTTJJ3ATB33CN
Tempura Bento,7.05,4-CYTTJJ3ATB33CN
California Roll,14.88,4-CYTTJJ3ATB33CN
Salmon Poke Bowl,8.72,4-CYTTJJ3ATB33CN
Salmon Sashimi,9.52,4-CYTTJJ3ATB33CN
Hokkien Mee,9.94,4-C75GRLCVGUMTA2
Popiah,11.66,4-C75GRLCVGUMTA2
Ice Kacang,8.86,4-C75GRLCVGUMTA2
Mango Sticky Rice,13.49,4-C75GRLCVGUMTA2
Rendang,7.74,4-C75GRLCVGUMTA2
Tau Huay,10.2,4-C75GRLCVGUMTA2
Curry Puff,14.34,4-C75GRLCVGUMTA2
Mee Rebus,12.87,4-C75GRLCVGUMTA2
Spring Rolls,12.79,4-C75GRLCVGUMTA2
Chendol,13.34,4-C75GRLCVGUMTA2
Chef's Special Combo,4.39,4-C4EBE34XGBAAE6
House Signature Dish,4.28,4-C4EBE34XGBAAE6
Daily Special Set,7.85,4-C4EBE34XGBAAE6
Today's Recommendation,5.74,4-C4EBE34XGBAAE6
Daily Special Set (Set 2),8.09,4-C4EBE34XGBAAE6
Today's Recommendation (Set 2),6.08,4-C4EBE34XGBAAE6
House Signature Dish (Set 2),8.34,4-C4EBE34XGBAAE6
Chef's Special Combo (Set 2),8.35,4-C4EBE34XGBAAE6
Chef's Special Combo (Set 2),5.13,4-C4EBE34XGBAAE6
Daily Special Set (Set 2),7.26,4-C4EBE34XGBAAE6
Salted Egg Prawns,11.02,4-CYVFMF4DV2AALE
Braised Pork Belly,8.77,4-CYVFMF4DV2AALE
Char Siew Rice,7.4,4-CYVFMF4DV2AALE
Stir-fried Kailan,12.85,4-CYVFMF4DV2AALE
Kung Pao Chicken,10.14,4-CYVFMF4DV2AALE
Steamed Fish with Ginger,10.56,4-CYVFMF4DV2AALE
Hot & Sour Soup,11.76,4-CYVFMF4DV2AALE
Sweet & Sour Pork,11.04,4-CYVFMF4DV2AALE
Yang Zhou Fried Rice,8.78,4-CYVFMF4DV2AALE
Mapo Tofu,9.32,4-CYVFMF4DV2AALE
Chicken Cutlet,9.1,4-C62YRNEEREVTGN
Mushroom Soup,10.19,4-C62YRNEEREVTGN
Bolognese Spaghetti,10.48,4-C62YRNEEREVTGN
Roast Lamb Rack,12.58,4-C62YRNEEREVTGN
Fish & Chips,13.1,4-C62YRNEEREVTGN
Spicy Fried Chicken,10.85,4-C62YRNEEREVTGN
Popcorn Chicken,8.58,4-C62YRNEEREVTGN
Grilled Chicken Chop,10.16,4-C62YRNEEREVTGN
Honey Glazed Wings,11.57,4-C62YRNEEREVTGN
Original Fried Chicken,11.49,4-C62YRNEEREVTGN
Grilled Chicken Chop,9.13,4-C7LHMCC1E6EEVX
Fish & Chips,10.44,4-C7LHMCC1E6EEVX
Beef Steak,12.48,4-C7LHMCC1E6EEVX
Caesar Salad,11.61,4-C7LHMCC1E6EEVX
Mushroom Soup,7.9,4-C7LHMCC1E6EEVX
Roast Lamb Rack,10.31,4-C7LHMCC1E6EEVX
Mushroom Soup (Set 2),9.92,4-C7LHMCC1E6EEVX
Today's Recommendation,8.52,4-C7LHMCC1E6EEVX
Today's Recommendation (Set 2),9.76,4-C7LHMCC1E6EEVX
House Signature Dish,12.24,4-C7LHMCC1E6EEVX
Chicken Biryani,19.63,4-C241JECJAKAKET
Mutton Biryani,15.19,4-C241JECJAKAKET
Vegetable Biryani,13.67,4-C241JECJAKAKET
Vegetable Biryani (Set 2),25.27,4-C241JECJAKAKET
Daily Special Set,16.0,4-C241JECJAKAKET
House Signature Dish,18.61,4-C241JECJAKAKET
Daily Special Set (Set 2),24.37,4-C241JECJAKAKET
Chicken Biryani (Set 2),25.79,4-C241JECJAKAKET
Vegetable Biryani (Set 2),14.69,4-C241JECJAKAKET
Vegetable Biryani (Set 2),13.82,4-C241JECJAKAKET
Steamed Fish with Ginger,7.18,4-C3TWHCNCL6BWSE
Prawn Noodle Soup,8.67,4-C3TWHCNCL6BWSE
Fishball Noodles,11.3,4-C3TWHCNCL6BWSE
Dry Mee Pok,8.63,4-C3TWHCNCL6BWSE
Braised Pork Belly,11.19,4-C3TWHCNCL6BWSE
Mapo Tofu,9.07,4-C3TWHCNCL6BWSE
Sweet & Sour Pork,10.86,4-C3TWHCNCL6BWSE
Braised Beef Noodles,12.84,4-C3TWHCNCL6BWSE
Hot & Sour Soup,8.13,4-C3TWHCNCL6BWSE
Yang Zhou Fried Rice,12.59,4-C3TWHCNCL6BWSE
Braised Pork Belly,5.0,4-C3EVWB6XLLCYKE
Char Siew Rice,7.48,4-C3EVWB6XLLCYKE
Salted Egg Prawns,5.36,4-C3EVWB6XLLCYKE
Wonton Mee,6.32,4-C3EVWB6XLLCYKE
Stir-fried Kailan,8.73,4-C3EVWB6XLLCYKE
Dry Mee Pok,4.33,4-C3EVWB6XLLCYKE
Steamed Fish with Ginger,7.3,4-C3EVWB6XLLCYKE
Kung Pao Chicken,7.31,4-C3EVWB6XLLCYKE
Braised Beef Noodles,8.56,4-C3EVWB6XLLCYKE
Dan Dan Noodles,5.8,4-C3EVWB6XLLCYKE
Hainanese Chicken Rice,8.88,4-C4DJEU5BGZK1EE
Roasted Chicken Rice,4.5,4-C4DJEU5BGZK1EE
Chef's Special Combo,5.58,4-C4DJEU5BGZK1EE
Chef's Special Combo (Set 2),8.33,4-C4DJEU5BGZK1EE
Daily Special Set,6.66,4-C4DJEU5BGZK1EE
Roasted Chicken Rice (Set 2),4.93,4-C4DJEU5BGZK1EE
Today's Recommendation,6.5,4-C4DJEU5BGZK1EE
House Signature Dish,6.29,4-C4DJEU5BGZK1EE
Today's Recommendation (Set 2),8.63,4-C4DJEU5BGZK1EE
Hainanese Chicken Rice (Set 2),4.11,4-C4DJEU5BGZK1EE
Yang Zhou Fried Rice,12.47,4-C6NVC8LFCYTYNJ
Stir-fried Kailan,9.84,4-C6NVC8LFCYTYNJ
Steamed Fish with Ginger,9.42,4-C6NVC8LFCYTYNJ
Mapo Tofu,14.97,4-C6NVC8LFCYTYNJ
Hot & Sour Soup,14.83,4-C6NVC8LFCYTYNJ
Char Siew Rice,9.21,4-C6NVC8LFCYTYNJ
Salted Egg Prawns,7.5,4-C6NVC8LFCYTYNJ
Sweet & Sour Pork,9.06,4-C6NVC8LFCYTYNJ
Braised Pork Belly,10.1,4-C6NVC8LFCYTYNJ
Kung Pao Chicken,15.0,4-C6NVC8LFCYTYNJ
Nasi Lemak,6.6,4-C25FJBEAKGJ3RJ
Honey Glazed Wings,7.39,4-C25FJBEAKGJ3RJ
Nasi Lemak with Fried Chicken,8.36,4-C25FJBEAKGJ3RJ
Satay Skewers,7.43,4-C25FJBEAKGJ3RJ
Char Kway Teow,6.09,4-C25FJBEAKGJ3RJ
Roti Canai,6.86,4-C25FJBEAKGJ3RJ
Spicy Fried Chicken,6.13,4-C25FJBEAKGJ3RJ
Original Fried Chicken,5.56,4-C25FJBEAKGJ3RJ
Korean Fried Chicken,7.03,4-C25FJBEAKGJ3RJ
Popcorn Chicken,6.25,4-C25FJBEAKGJ3RJ
Kung Pao Chicken,14.97,4-C4LEARMXTAMKGA
Yang Zhou Fried Rice,14.81,4-C4LEARMXTAMKGA
Spicy Mala Skewers,8.16,4-C4LEARMXTAMKGA
Stir-fried Kailan,14.46,4-C4LEARMXTAMKGA
Mala Hotpot Combo,14.34,4-C4LEARMXTAMKGA
Char Siew Rice,9.54,4-C4LEARMXTAMKGA
Sweet & Sour Pork,11.46,4-C4LEARMXTAMKGA
Salted Egg Prawns,14.59,4-C4LEARMXTAMKGA
Mapo Tofu,7.95,4-C4LEARMXTAMKGA
Hot & Sour Soup,9.54,4-C4LEARMXTAMKGA
Steamed Fish with Ginger,13.23,4-C7XKA6DZHCNYR6
Braised Pork Belly,7.85,4-C7XKA6DZHCNYR6
Spicy Peanut Noodles,8.48,4-C7XKA6DZHCNYR6
Mapo Tofu,13.1,4-C7XKA6DZHCNYR6
Char Siew Rice,11.9,4-C7XKA6DZHCNYR6
Steamed Fish,9.13,4-C7XKA6DZHCNYR6
Seafood Platter,11.54,4-C7XKA6DZHCNYR6
Hot & Sour Soup,8.85,4-C7XKA6DZHCNYR6
Hand-Pulled Noodles,8.86,4-C7XKA6DZHCNYR6
Kung Pao Chicken,12.5,4-C7XKA6DZHCNYR6
Butter Chicken,4.67,SGDD10790
Chicken Tikka Masala,8.23,SGDD10790
Palak Paneer,6.34,SGDD10790
Chana Masala,7.25,SGDD10790
Curry Puff,4.92,SGDD10790
Popiah,5.94,SGDD10790
Spring Rolls,6.37,SGDD10790
Chicken Tikka Masala (Set 2),4.82,SGDD10790
House Signature Dish,5.13,SGDD10790
Chana Masala (Set 2),6.04,SGDD10790
Mango Sticky Rice,8.64,4-CYLJWGN3JEVWV2
Fresh Lime Juice,8.93,4-CYLJWGN3JEVWV2
Sugarcane Juice,8.34,4-CYLJWGN3JEVWV2
Tau Huay,6.45,4-CYLJWGN3JEVWV2
Iced Lemon Tea,5.62,4-CYLJWGN3JEVWV2
Red Velvet Cake,6.29,4-CYLJWGN3JEVWV2
Chendol,5.23,4-CYLJWGN3JEVWV2
Cheesecake,6.02,4-CYLJWGN3JEVWV2
Carrot Cake,4.21,4-CYLJWGN3JEVWV2
Ice Kacang,7.68,4-CYLJWGN3JEVWV2
Original Fried Chicken,10.66,SGDD01143
Grilled Chicken Thigh,14.02,SGDD01143
Roast Lamb Rack,14.02,SGDD01143
Sesame Chicken,8.97,SGDD01143
Popcorn Chicken,11.3,SGDD01143
Honey Glazed Wings,14.87,SGDD01143
Grilled Chicken Chop,7.31,SGDD01143
Mushroom Soup,10.1,SGDD01143
Spicy Fried Chicken,13.12,SGDD01143
Caesar Salad,14.7,SGDD01143
Char Siew Rice,11.91,4-CZE1RUATCU4CRA
Steamed Fish with Ginger,7.44,4-CZE1RUATCU4CRA
Hot & Sour Soup,11.14,4-CZE1RUATCU4CRA
Dry Mee Pok,8.14,4-CZE1RUATCU4CRA
Fishball Noodles,13.64,4-CZE1RUATCU4CRA
Dan Dan Noodles,10.61,4-CZE1RUATCU4CRA
Prawn Noodle Soup,12.78,4-CZE1RUATCU4CRA
Kung Pao Chicken,7.91,4-CZE1RUATCU4CRA
Braised Beef Noodles,13.23,4-CZE1RUATCU4CRA
Stir-fried Kailan,14.5,4-CZE1RUATCU4CRA
Hokkien Mee,9.59,4-C73EJYAGT32TNE
Mee Rebus,7.2,4-C73EJYAGT32TNE
Rendang,10.63,4-C73EJYAGT32TNE
Steamed Fish,14.17,4-C73EJYAGT32TNE
Butter Garlic Prawns,14.17,4-C73EJYAGT32TNE
Seafood Platter,14.06,4-C73EJYAGT32TNE
Butter Garlic Prawns (Set 2),7.72,4-C73EJYAGT32TNE
Daily Special Set,9.59,4-C73EJYAGT32TNE
Rendang (Set 2),12.19,4-C73EJYAGT32TNE
Rendang (Set 2),12.69,4-C73EJYAGT32TNE
Kung Pao Chicken,5.89,4-C3U3DAWCJGNXL6
Sweet & Sour Pork,5.9,4-C3U3DAWCJGNXL6
Stir-fried Kailan,7.84,4-C3U3DAWCJGNXL6
Braised Pork Belly,8.56,4-C3U3DAWCJGNXL6
Mapo Tofu,6.83,4-C3U3DAWCJGNXL6
Yang Zhou Fried Rice,7.3,4-C3U3DAWCJGNXL6
Salted Egg Prawns,4.75,4-C3U3DAWCJGNXL6
Char Siew Rice,8.34,4-C3U3DAWCJGNXL6
Hot & Sour Soup,4.89,4-C3U3DAWCJGNXL6
Steamed Fish with Ginger,7.56,4-C3U3DAWCJGNXL6
Char Siew Rice,11.98,4-C2CTATVYLB53TN
Steamed Fish with Ginger,9.02,4-C2CTATVYLB53TN
Mala Xiang Guo,10.67,4-C2CTATVYLB53TN
Hot & Sour Soup,13.84,4-C2CTATVYLB53TN
Spicy Mala Skewers,11.35,4-C2CTATVYLB53TN
Kung Pao Chicken,7.05,4-C2CTATVYLB53TN
Sweet & Sour Pork,14.06,4-C2CTATVYLB53TN
Mala Hotpot Combo,8.9,4-C2CTATVYLB53TN
Mala Skewers,11.71,4-C2CTATVYLB53TN
Braised Pork Belly,10.81,4-C2CTATVYLB53TN
BBQ Pork Ribs,13.56,4-CZD1BGNYAKXWJX
Grilled Satay Platter,8.66,4-CZD1BGNYAKXWJX
Kung Pao Chicken,8.48,4-CZD1BGNYAKXWJX
Braised Pork Belly,7.44,4-CZD1BGNYAKXWJX
Yang Zhou Fried Rice,9.79,4-CZD1BGNYAKXWJX
Stir-fried Kailan,8.16,4-CZD1BGNYAKXWJX
Steamed Fish with Ginger,7.26,4-CZD1BGNYAKXWJX
Salted Egg Prawns,11.62,4-CZD1BGNYAKXWJX
Chili Crab,11.83,4-CZD1BGNYAKXWJX
Fish Curry,9.65,4-CZD1BGNYAKXWJX
Chef's Special Combo,12.38,SGDD08484
House Signature Dish,11.89,SGDD08484
Daily Special Set,12.53,SGDD08484
Today's Recommendation,11.76,SGDD08484
House Signature Dish (Set 2),13.3,SGDD08484
Chef's Special Combo (Set 2),8.42,SGDD08484
House Signature Dish (Set 2),10.64,SGDD08484
Daily Special Set (Set 2),11.63,SGDD08484
Daily Special Set (Set 2),14.45,SGDD08484
Daily Special Set (Set 2),7.75,SGDD08484
Salted Egg Prawns,4.67,SGDD01304
Flat White,7.47,SGDD01304
Mapo Tofu,5.37,SGDD01304
Char Siew Rice,6.64,SGDD01304
Sweet & Sour Pork,6.62,SGDD01304
Espresso,7.48,SGDD01304
Stir-fried Kailan,7.06,SGDD01304
Iced Latte,4.55,SGDD01304
Steamed Fish with Ginger,7.65,SGDD01304
Hot & Sour Soup,7.14,SGDD01304
Fish & Chips,14.96,4-C3EHTJE1VPVUNT
Cappuccino,9.83,4-C3EHTJE1VPVUNT
Red Velvet Cake,8.04,4-C3EHTJE1VPVUNT
Espresso,11.5,4-C3EHTJE1VPVUNT
Mushroom Soup,11.16,4-C3EHTJE1VPVUNT
Flat White,12.05,4-C3EHTJE1VPVUNT
Roast Lamb Rack,10.94,4-C3EHTJE1VPVUNT
Beef Steak,8.44,4-C3EHTJE1VPVUNT
Chocolate Fudge Cake,11.88,4-C3EHTJE1VPVUNT
Cheesecake,12.67,4-C3EHTJE1VPVUNT
Yang Zhou Fried Rice,10.31,SGDD12011
Braised Pork Belly,9.67,SGDD12011
Sweet & Sour Pork,11.48,SGDD12011
Grilled Prawns,12.1,SGDD12011
Hot & Sour Soup,7.09,SGDD12011
Chili Crab,8.61,SGDD12011
Mapo Tofu,9.25,SGDD12011
Stir-fried Kailan,13.32,SGDD12011
Steamed Fish with Ginger,9.46,SGDD12011
Salt & Pepper Squid,11.05,SGDD12011
Margherita Pizza,12.8,4-C7V2RN3HA8MERA
Pepperoni Pizza,11.93,4-C7V2RN3HA8MERA
Hawaiian Pizza,7.23,4-C7V2RN3HA8MERA
BBQ Chicken Pizza,8.41,4-C7V2RN3HA8MERA
Pepperoni Pizza (Set 2),9.64,4-C7V2RN3HA8MERA
Chef's Special Combo,9.7,4-C7V2RN3HA8MERA
House Signature Dish,12.38,4-C7V2RN3HA8MERA
Pepperoni Pizza (Set 2),14.33,4-C7V2RN3HA8MERA
Pepperoni Pizza (Set 2),13.38,4-C7V2RN3HA8MERA
Hawaiian Pizza (Set 2),12.17,4-C7V2RN3HA8MERA
Hot & Sour Soup,11.52,4-C7XUG6KCE72EA6
Kung Pao Chicken,12.43,4-C7XUG6KCE72EA6
Hokkien Mee,11.44,4-C7XUG6KCE72EA6
Rendang,7.15,4-C7XUG6KCE72EA6
Stir-fried Kailan,11.62,4-C7XUG6KCE72EA6
Mapo Tofu,9.65,4-C7XUG6KCE72EA6
Yang Zhou Fried Rice,14.33,4-C7XUG6KCE72EA6
Char Siew Rice,13.37,4-C7XUG6KCE72EA6
Braised Pork Belly,7.53,4-C7XUG6KCE72EA6
Mee Rebus,8.19,4-C7XUG6KCE72EA6
Nasi Lemak,14.87,SGDD00298
Char Kway Teow,12.01,SGDD00298
Roti Canai,13.74,SGDD00298
Satay Skewers,11.57,SGDD00298
Mango Sticky Rice,10.12,SGDD00298
Chendol,11.76,SGDD00298
Ice Kacang,13.92,SGDD00298
Tau Huay,13.01,SGDD00298
Chef's Special Combo,12.64,SGDD00298
Char Kway Teow (Set 2),9.52,SGDD00298
Sweet & Sour Pork,11.2,4-CY4GTUXERLMKLT
Steamed Fish with Ginger,8.4,4-CY4GTUXERLMKLT
Char Siew Rice,9.99,4-CY4GTUXERLMKLT
Mala Skewers,7.3,4-CY4GTUXERLMKLT
Hot & Sour Soup,8.62,4-CY4GTUXERLMKLT
Yang Zhou Fried Rice,7.74,4-CY4GTUXERLMKLT
Mapo Tofu,11.05,4-CY4GTUXERLMKLT
Spicy Mala Skewers,13.39,4-CY4GTUXERLMKLT
Mala Xiang Guo,14.24,4-CY4GTUXERLMKLT
Steamboat Set,8.23,4-CY4GTUXERLMKLT
Grilled Chicken Thigh,9.62,4-C72DRYJEAJ6AAJ
Chicken Cutlet,13.16,4-C72DRYJEAJ6AAJ
Sesame Chicken,7.79,4-C72DRYJEAJ6AAJ
Daily Special Set,14.86,4-C72DRYJEAJ6AAJ
Today's Recommendation,11.13,4-C72DRYJEAJ6AAJ
Chicken Cutlet (Set 2),14.94,4-C72DRYJEAJ6AAJ
Sesame Chicken (Set 2),8.64,4-C72DRYJEAJ6AAJ
Grilled Chicken Thigh (Set 2),7.29,4-C72DRYJEAJ6AAJ
Daily Special Set (Set 2),10.1,4-C72DRYJEAJ6AAJ
Sesame Chicken (Set 2),13.92,4-C72DRYJEAJ6AAJ
Chicken Tikka Masala,4.52,SGDD02399
Butter Chicken,7.83,SGDD02399
Fish Head Curry,7.73,SGDD02399
Mutton Biryani,4.11,SGDD02399
Mutton Curry,7.79,SGDD02399
Chicken Biryani,7.19,SGDD02399
Vegetable Curry,5.05,SGDD02399
Vegetable Biryani,5.0,SGDD02399
Palak Paneer,5.43,SGDD02399
Chana Masala,6.66,SGDD02399
Spicy Fried Chicken,16.1,4-CZEUVPW3CFDYEJ
Fish & Chips,18.25,4-CZEUVPW3CFDYEJ
Mushroom Soup,17.78,4-CZEUVPW3CFDYEJ
Beef Steak,15.12,4-CZEUVPW3CFDYEJ
Popcorn Chicken,23.57,4-CZEUVPW3CFDYEJ
Korean Fried Chicken,17.25,4-CZEUVPW3CFDYEJ
Grilled Chicken Chop,16.67,4-CZEUVPW3CFDYEJ
Honey Glazed Wings,14.07,4-CZEUVPW3CFDYEJ
Roast Lamb Rack,22.2,4-CZEUVPW3CFDYEJ
Caesar Salad,18.08,4-CZEUVPW3CFDYEJ
Hokkien Mee,10.77,4-C76JJTV2VPCAEA
Mee Rebus,12.4,4-C76JJTV2VPCAEA
Rendang,7.85,4-C76JJTV2VPCAEA
Curry Puff,7.43,4-C76JJTV2VPCAEA
Popiah,10.41,4-C76JJTV2VPCAEA
Spring Rolls,8.43,4-C76JJTV2VPCAEA
Curry Puff (Set 2),11.77,4-C76JJTV2VPCAEA
Chef's Special Combo,11.74,4-C76JJTV2VPCAEA
Daily Special Set,13.69,4-C76JJTV2VPCAEA
Chef's Special Combo (Set 2),12.59,4-C76JJTV2VPCAEA
Chocolate Fudge Cake,6.84,4-C8AAGA6VAZC1WA
Red Velvet Cake,4.46,4-C8AAGA6VAZC1WA
Cheesecake,8.01,4-C8AAGA6VAZC1WA
Carrot Cake,7.49,4-C8AAGA6VAZC1WA
Red Velvet Cake (Set 2),4.49,4-C8AAGA6VAZC1WA
Chocolate Fudge Cake (Set 2),5.55,4-C8AAGA6VAZC1WA
Red Velvet Cake (Set 2),7.22,4-C8AAGA6VAZC1WA
Today's Recommendation,7.83,4-C8AAGA6VAZC1WA
House Signature Dish,6.35,4-C8AAGA6VAZC1WA
Carrot Cake (Set 2),8.74,4-C8AAGA6VAZC1WA
Mala Hotpot Combo,7.94,4-C7KXMFCHVPKJCJ
Spicy Mala Skewers,8.41,4-C7KXMFCHVPKJCJ
Mala Xiang Guo,6.27,4-C7KXMFCHVPKJCJ
Mala Skewers,4.15,4-C7KXMFCHVPKJCJ
Daily Special Set,6.38,4-C7KXMFCHVPKJCJ
Mala Hotpot Combo (Set 2),5.76,4-C7KXMFCHVPKJCJ
Spicy Mala Skewers (Set 2),6.31,4-C7KXMFCHVPKJCJ
Mala Xiang Guo (Set 2),4.85,4-C7KXMFCHVPKJCJ
Daily Special Set (Set 2),7.84,4-C7KXMFCHVPKJCJ
Spicy Mala Skewers (Set 2),7.02,4-C7KXMFCHVPKJCJ
Steamed Fish with Ginger,5.51,4-CYXKKB3VL36HLJ
Stir-fried Kailan,6.3,4-CYXKKB3VL36HLJ
Sweet & Sour Pork,6.95,4-CYXKKB3VL36HLJ
Char Siew Rice,5.19,4-CYXKKB3VL36HLJ
Grilled Prawns,5.22,4-CYXKKB3VL36HLJ
Grilled Fish,4.8,4-CYXKKB3VL36HLJ
Mapo Tofu,6.41,4-CYXKKB3VL36HLJ
Deep Fried Fish,4.33,4-CYXKKB3VL36HLJ
Chili Crab,5.04,4-CYXKKB3VL36HLJ
Salt & Pepper Squid,7.47,4-CYXKKB3VL36HLJ
Espresso,7.91,4-C3EGBFBARANDEX
Prawn Laksa,11.77,4-C3EGBFBARANDEX
Iced Latte,9.6,4-C3EGBFBARANDEX
Cappuccino,7.78,4-C3EGBFBARANDEX
Katong Laksa,10.56,4-C3EGBFBARANDEX
French Toast,9.46,4-C3EGBFBARANDEX
Curry Laksa,10.25,4-C3EGBFBARANDEX
Cheese Toast,11.79,4-C3EGBFBARANDEX
Kaya Toast,12.48,4-C3EGBFBARANDEX
Flat White,11.77,4-C3EGBFBARANDEX
Char Siew Rice,7.79,4-C2TBT6WVAFL1RE
Mapo Tofu,7.3,4-C2TBT6WVAFL1RE
Hot & Sour Soup,6.26,4-C2TBT6WVAFL1RE
Stir-fried Kailan,5.46,4-C2TBT6WVAFL1RE
Salted Egg Prawns,7.08,4-C2TBT6WVAFL1RE
Braised Pork Belly,6.24,4-C2TBT6WVAFL1RE
Steamed Fish with Ginger,5.03,4-C2TBT6WVAFL1RE
Yang Zhou Fried Rice,8.39,4-C2TBT6WVAFL1RE
Kung Pao Chicken,5.5,4-C2TBT6WVAFL1RE
Sweet & Sour Pork,7.97,4-C2TBT6WVAFL1RE
Chicken Katsu Bento,8.26,4-C2UVCFDAVJ2VET
Grilled Chicken Thigh,4.31,4-C2UVCFDAVJ2VET
Sesame Chicken,8.51,4-C2UVCFDAVJ2VET
Chicken Cutlet,8.84,4-C2UVCFDAVJ2VET
California Roll,4.0,4-C2UVCFDAVJ2VET
Salmon Sashimi,6.8,4-C2UVCFDAVJ2VET
Salmon Teriyaki Bento,8.89,4-C2UVCFDAVJ2VET
Tempura Bento,4.55,4-C2UVCFDAVJ2VET
Tempura Udon,5.41,4-C2UVCFDAVJ2VET
Mutton Curry,4.16,4-C2UVCFDAVJ2VET
Wonton Mee,6.37,4-C2ABG7CUL72ZTX
Mushroom Ban Mian,4.94,4-C2ABG7CUL72ZTX
Minced Meat Ban Mian,5.92,4-C2ABG7CUL72ZTX
Fishball Noodles,8.62,4-C2ABG7CUL72ZTX
Char Siew Rice,8.2,4-C2ABG7CUL72ZTX
Dan Dan Noodles,4.77,4-C2ABG7CUL72ZTX
Dry Mee Pok,8.99,4-C2ABG7CUL72ZTX
Stir-fried Kailan,7.35,4-C2ABG7CUL72ZTX
Yang Zhou Fried Rice,4.67,4-C2ABG7CUL72ZTX
Kung Pao Chicken,4.36,4-C2ABG7CUL72ZTX
Braised Pork Belly,8.3,4-C753PFUHC8NKNX
Kung Pao Chicken,8.47,4-C753PFUHC8NKNX
Spicy Mala Skewers,7.48,4-C753PFUHC8NKNX
Hot & Sour Soup,8.65,4-C753PFUHC8NKNX
Char Siew Rice,7.12,4-C753PFUHC8NKNX
Steamboat Set,6.27,4-C753PFUHC8NKNX
Sweet & Sour Pork,6.12,4-C753PFUHC8NKNX
Mala Hotpot Combo,8.1,4-C753PFUHC8NKNX
Mapo Tofu,5.92,4-C753PFUHC8NKNX
Yang Zhou Fried Rice,5.13,4-C753PFUHC8NKNX
Nasi Lemak,7.06,4-C6UTCBMEN7KFPE
Char Kway Teow,10.99,4-C6UTCBMEN7KFPE
Roti Canai,12.85,4-C6UTCBMEN7KFPE
Satay Skewers,12.7,4-C6UTCBMEN7KFPE
Flat White,9.15,4-C6UTCBMEN7KFPE
Cappuccino,14.41,4-C6UTCBMEN7KFPE
Iced Latte,11.61,4-C6UTCBMEN7KFPE
Espresso,7.27,4-C6UTCBMEN7KFPE
Roti Canai (Set 2),7.3,4-C6UTCBMEN7KFPE
Cappuccino (Set 2),10.87,4-C6UTCBMEN7KFPE
Nasi Padang,10.72,4-CZB3DAEXBBDXRX
Beef Rendang,7.63,4-CZB3DAEXBBDXRX
Gado Gado,14.12,4-CZB3DAEXBBDXRX
Sate Ayam,7.71,4-CZB3DAEXBBDXRX
Beef Rendang (Set 2),10.78,4-CZB3DAEXBBDXRX
House Signature Dish,12.93,4-CZB3DAEXBBDXRX
Sate Ayam (Set 2),14.68,4-CZB3DAEXBBDXRX
House Signature Dish (Set 2),7.62,4-CZB3DAEXBBDXRX
Daily Special Set,12.07,4-CZB3DAEXBBDXRX
Nasi Padang (Set 2),13.38,4-CZB3DAEXBBDXRX
Steamed Fish with Ginger,6.11,4-CZDUCPL2UELVLN
Braised Pork Belly,8.8,4-CZDUCPL2UELVLN
Mapo Tofu,7.99,4-CZDUCPL2UELVLN
Salted Egg Prawns,5.45,4-CZDUCPL2UELVLN
Stir-fried Kailan,4.18,4-CZDUCPL2UELVLN
Yang Zhou Fried Rice,8.61,4-CZDUCPL2UELVLN
Char Siew Rice,7.75,4-CZDUCPL2UELVLN
Kung Pao Chicken,7.63,4-CZDUCPL2UELVLN
Sweet & Sour Pork,6.82,4-CZDUCPL2UELVLN
Hot & Sour Soup,4.31,4-CZDUCPL2UELVLN
Salmon Sashimi,15.54,4-C2UVGACFFAUGL6
California Roll,13.77,4-C2UVGACFFAUGL6
Chicken Katsu,27.86,4-C2UVGACFFAUGL6
Tempura Udon,25.13,4-C2UVGACFFAUGL6
Tonkotsu Ramen,22.36,4-C2UVGACFFAUGL6
Miso Ramen,17.3,4-C2UVGACFFAUGL6
Shoyu Ramen,14.24,4-C2UVGACFFAUGL6
Spicy Tantanmen,20.58,4-C2UVGACFFAUGL6
Tempura Udon (Set 2),25.77,4-C2UVGACFFAUGL6
Miso Ramen (Set 2),17.17,4-C2UVGACFFAUGL6
Tom Yum Soup,12.93,4-C8BKR7KKCRAKFA
Green Curry Chicken,11.83,4-C8BKR7KKCRAKFA
Mango Sticky Rice,14.28,4-C8BKR7KKCRAKFA
House Signature Dish,12.91,4-C8BKR7KKCRAKFA
Tom Yum Soup (Set 2),12.27,4-C8BKR7KKCRAKFA
Daily Special Set,9.96,4-C8BKR7KKCRAKFA
Daily Special Set (Set 2),8.4,4-C8BKR7KKCRAKFA
Mango Sticky Rice (Set 2),13.26,4-C8BKR7KKCRAKFA
Daily Special Set (Set 2),8.89,4-C8BKR7KKCRAKFA
Chef's Special Combo,8.45,4-C8BKR7KKCRAKFA
Original Fried Chicken,6.98,4-C7X1PB2DNE2WL2
Spicy Fried Chicken,8.11,4-C7X1PB2DNE2WL2
Honey Glazed Wings,8.19,4-C7X1PB2DNE2WL2
Popcorn Chicken,7.76,4-C7X1PB2DNE2WL2
Korean Fried Chicken,6.06,4-C7X1PB2DNE2WL2
Korean Fried Chicken (Set 2),5.92,4-C7X1PB2DNE2WL2
Chef's Special Combo,7.3,4-C7X1PB2DNE2WL2
Spicy Fried Chicken (Set 2),7.63,4-C7X1PB2DNE2WL2
House Signature Dish,4.84,4-C7X1PB2DNE2WL2
Daily Special Set,6.89,4-C7X1PB2DNE2WL2
Grilled Prawns,10.81,SGDD02299
Sweet & Sour Pork,10.81,SGDD02299
Stir-fried Kailan,14.59,SGDD02299
Salt & Pepper Squid,14.38,SGDD02299
Grilled Fish,8.87,SGDD02299
Black Pepper Crab,12.47,SGDD02299
Braised Pork Belly,10.12,SGDD02299
Kung Pao Chicken,9.1,SGDD02299
Hot & Sour Soup,11.24,SGDD02299
Char Siew Rice,10.48,SGDD02299
Chee Cheong Fun,7.19,4-C3JFVVBYN7LKNE
Kaya Toast,8.78,4-C3JFVVBYN7LKNE
Custard Buns,6.16,4-C3JFVVBYN7LKNE
Lo Mai Gai,8.59,4-C3JFVVBYN7LKNE
Iced Latte,8.29,4-C3JFVVBYN7LKNE
Spring Rolls,5.67,4-C3JFVVBYN7LKNE
Flat White,5.34,4-C3JFVVBYN7LKNE
Har Gow Prawn Dumplings,4.49,4-C3JFVVBYN7LKNE
French Toast,7.27,4-C3JFVVBYN7LKNE
Cheese Toast,5.96,4-C3JFVVBYN7LKNE
Combo Roast Meat Rice,14.95,4-CYMUL4NDC4DHRA
Char Siew Platter,9.51,4-CYMUL4NDC4DHRA
Roasted Pork Belly,7.08,4-CYMUL4NDC4DHRA
Yang Zhou Fried Rice,7.07,4-CYMUL4NDC4DHRA
Roast Duck Rice,7.54,4-CYMUL4NDC4DHRA
Salted Egg Prawns,10.29,4-CYMUL4NDC4DHRA
Roast Duck Noodles,11.2,4-CYMUL4NDC4DHRA
Mapo Tofu,12.48,4-CYMUL4NDC4DHRA
Hot & Sour Soup,9.81,4-CYMUL4NDC4DHRA
Char Siew Rice,12.8,4-CYMUL4NDC4DHRA
Har Gow Prawn Dumplings,27.37,4-C63FWEJAL2XBFA
Espresso,14.3,4-C63FWEJAL2XBFA
Flat White,22.07,4-C63FWEJAL2XBFA
Spring Rolls,18.64,4-C63FWEJAL2XBFA
Cappuccino,24.46,4-C63FWEJAL2XBFA
Chee Cheong Fun,22.72,4-C63FWEJAL2XBFA
Custard Buns,25.05,4-C63FWEJAL2XBFA
Egg Tarts,15.77,4-C63FWEJAL2XBFA
Char Siew Bao,14.66,4-C63FWEJAL2XBFA
Iced Latte,15.76,4-C63FWEJAL2XBFA
Salted Egg Prawns,9.06,4-C3UDRBJHKB32EN
Grilled Satay Platter,13.25,4-C3UDRBJHKB32EN
Kung Pao Chicken,9.22,4-C3UDRBJHKB32EN
Deep Fried Fish,7.5,4-C3UDRBJHKB32EN
BBQ Chicken Wings,10.11,4-C3UDRBJHKB32EN
Steamed Fish with Ginger,14.97,4-C3UDRBJHKB32EN
Salt & Pepper Squid,9.07,4-C3UDRBJHKB32EN
Char Siew Rice,13.5,4-C3UDRBJHKB32EN
Chili Crab,8.42,4-C3UDRBJHKB32EN
Mapo Tofu,7.56,4-C3UDRBJHKB32EN
Original Fried Chicken,12.15,4-C2UBTPMGTF4XN6
Double Beef Burger,14.3,4-C2UBTPMGTF4XN6
Roast Lamb Rack,12.72,4-C2UBTPMGTF4XN6
BBQ Bacon Burger,7.83,4-C2UBTPMGTF4XN6
Fish & Chips,7.58,4-C2UBTPMGTF4XN6
Beef Steak,11.57,4-C2UBTPMGTF4XN6
Honey Glazed Wings,9.0,4-C2UBTPMGTF4XN6
Sesame Chicken,10.57,4-C2UBTPMGTF4XN6
Caesar Salad,14.17,4-C2UBTPMGTF4XN6
Popcorn Chicken,8.19,4-C2UBTPMGTF4XN6
Braised Pork Belly,11.12,4-C4DVHB5URXUDBE
Sweet & Sour Pork,14.52,4-C4DVHB5URXUDBE
Salt & Pepper Squid,10.93,4-C4DVHB5URXUDBE
Steamed Fish with Ginger,10.49,4-C4DVHB5URXUDBE
Kung Pao Chicken,13.75,4-C4DVHB5URXUDBE
Grilled Prawns,13.25,4-C4DVHB5URXUDBE
Mapo Tofu,13.28,4-C4DVHB5URXUDBE
Char Siew Rice,11.32,4-C4DVHB5URXUDBE
Salted Egg Prawns,7.03,4-C4DVHB5URXUDBE
Salted Egg Crab,14.63,4-C4DVHB5URXUDBE
Dry Mee Pok,8.99,4-C753KBMZEJVANX
Sweet & Sour Pork,7.24,4-C753KBMZEJVANX
Salted Egg Prawns,5.83,4-C753KBMZEJVANX
Stir-fried Kailan,8.27,4-C753KBMZEJVANX
Mapo Tofu,5.7,4-C753KBMZEJVANX
Dan Dan Noodles,8.21,4-C753KBMZEJVANX
Steamed Fish with Ginger,7.8,4-C753KBMZEJVANX
Char Siew Rice,5.45,4-C753KBMZEJVANX
Braised Pork Belly,5.02,4-C753KBMZEJVANX
Wonton Mee,6.77,4-C753KBMZEJVANX
Butter Croissant,12.88,4-C4C3JK5UJTDWAN
Caesar Salad,8.12,4-C4C3JK5UJTDWAN
Mushroom Soup,8.54,4-C4C3JK5UJTDWAN
Roast Lamb Rack,12.76,4-C4C3JK5UJTDWAN
Garlic Bread,11.74,4-C4C3JK5UJTDWAN
Grilled Chicken Chop,10.91,4-C4C3JK5UJTDWAN
Beef Steak,7.5,4-C4C3JK5UJTDWAN
Fish & Chips,11.32,4-C4C3JK5UJTDWAN
Sourdough Loaf,9.46,4-C4C3JK5UJTDWAN
Cinnamon Roll,11.27,4-C4C3JK5UJTDWAN
Chef's Special Combo,7.94,4-CZDVA3CAE4CKL6
House Signature Dish,4.21,4-CZDVA3CAE4CKL6
Daily Special Set,4.59,4-CZDVA3CAE4CKL6
Today's Recommendation,8.04,4-CZDVA3CAE4CKL6
Today's Recommendation (Set 2),7.34,4-CZDVA3CAE4CKL6
Chef's Special Combo (Set 2),6.29,4-CZDVA3CAE4CKL6
Chef's Special Combo (Set 2),7.39,4-CZDVA3CAE4CKL6
House Signature Dish (Set 2),8.37,4-CZDVA3CAE4CKL6
Chef's Special Combo (Set 2),4.74,4-CZDVA3CAE4CKL6
House Signature Dish (Set 2),6.9,4-CZDVA3CAE4CKL6
Sweet & Sour Pork,12.61,4-C76AGUDWR2XJJ2
Braised Pork Belly,8.04,4-C76AGUDWR2XJJ2
Kung Pao Chicken,8.38,4-C76AGUDWR2XJJ2
Yang Zhou Fried Rice,7.4,4-C76AGUDWR2XJJ2
Mapo Tofu,9.46,4-C76AGUDWR2XJJ2
Stir-fried Kailan,13.35,4-C76AGUDWR2XJJ2
Char Siew Rice,10.65,4-C76AGUDWR2XJJ2
Hot & Sour Soup,8.37,4-C76AGUDWR2XJJ2
Steamed Fish with Ginger,11.73,4-C76AGUDWR2XJJ2
Salted Egg Prawns,13.54,4-C76AGUDWR2XJJ2
Chef's Special Combo,19.39,4-C7J2RXKBWCNZC6
House Signature Dish,25.17,4-C7J2RXKBWCNZC6
Daily Special Set,27.73,4-C7J2RXKBWCNZC6
Today's Recommendation,23.18,4-C7J2RXKBWCNZC6
House Signature Dish (Set 2),17.86,4-C7J2RXKBWCNZC6
House Signature Dish (Set 2),27.64,4-C7J2RXKBWCNZC6
Today's Recommendation (Set 2),21.64,4-C7J2RXKBWCNZC6
Today's Recommendation (Set 2),15.06,4-C7J2RXKBWCNZC6
House Signature Dish (Set 2),25.55,4-C7J2RXKBWCNZC6
Today's Recommendation (Set 2),24.9,4-C7J2RXKBWCNZC6
Ice Kacang,8.34,4-C4DBGETWEPCBCE
Grilled Chicken Chop,9.96,4-C4DBGETWEPCBCE
Carrot Cake,8.32,4-C4DBGETWEPCBCE
Beef Steak,8.95,4-C4DBGETWEPCBCE
Roast Lamb Rack,11.66,4-C4DBGETWEPCBCE
Fish & Chips,8.07,4-C4DBGETWEPCBCE
Cheesecake,13.33,4-C4DBGETWEPCBCE
Mango Sticky Rice,12.06,4-C4DBGETWEPCBCE
Red Velvet Cake,10.01,4-C4DBGETWEPCBCE
Caesar Salad,8.26,4-C4DBGETWEPCBCE
Grilled Chicken Chop,7.65,4-C7UBNEDURPVKE6
Fish & Chips,7.06,4-C7UBNEDURPVKE6
Beef Steak,14.41,4-C7UBNEDURPVKE6
Caesar Salad,12.65,4-C7UBNEDURPVKE6
Mushroom Soup,11.75,4-C7UBNEDURPVKE6
Roast Lamb Rack,9.27,4-C7UBNEDURPVKE6
Fresh Lime Juice,12.55,4-C7UBNEDURPVKE6
Iced Lemon Tea,13.34,4-C7UBNEDURPVKE6
Sugarcane Juice,10.81,4-C7UBNEDURPVKE6
Caesar Salad (Set 2),8.02,4-C7UBNEDURPVKE6
Fresh Produce Box,8.91,4-C7XYVXDUN3KZGX
Household Essentials Pack,8.4,4-C7XYVXDUN3KZGX
Instant Noodles Pack,12.53,4-C7XYVXDUN3KZGX
Snack Bundle,11.77,4-C7XYVXDUN3KZGX
Bottled Drink,12.74,4-C7XYVXDUN3KZGX
Daily Special Set,11.9,4-C7XYVXDUN3KZGX
Fresh Produce Box (Set 2),7.7,4-C7XYVXDUN3KZGX
Bottled Drink (Set 2),13.61,4-C7XYVXDUN3KZGX
Snack Bundle (Set 2),9.41,4-C7XYVXDUN3KZGX
Instant Noodles Pack (Set 2),10.35,4-C7XYVXDUN3KZGX
Hot & Sour Soup,13.16,4-C7ACA6MFTKTKLA
Yang Zhou Fried Rice,12.27,4-C7ACA6MFTKTKLA
Sweet & Sour Pork,9.21,4-C7ACA6MFTKTKLA
Stir-fried Kailan,8.55,4-C7ACA6MFTKTKLA
Prawn Noodle Soup,13.37,4-C7ACA6MFTKTKLA
Salted Egg Prawns,12.48,4-C7ACA6MFTKTKLA
Mapo Tofu,14.75,4-C7ACA6MFTKTKLA
Braised Beef Noodles,10.8,4-C7ACA6MFTKTKLA
Fishball Noodles,8.41,4-C7ACA6MFTKTKLA
Dry Mee Pok,12.36,4-C7ACA6MFTKTKLA
Salmon Sashimi,5.82,4-C4A3R7WBL65WWE
California Roll,5.05,4-C4A3R7WBL65WWE
Chicken Katsu,5.26,4-C4A3R7WBL65WWE
Tempura Udon,7.08,4-C4A3R7WBL65WWE
Grilled Chicken Thigh,8.45,4-C4A3R7WBL65WWE
Chicken Cutlet,6.27,4-C4A3R7WBL65WWE
Sesame Chicken,4.52,4-C4A3R7WBL65WWE
Chef's Special Combo,4.26,4-C4A3R7WBL65WWE
Chef's Special Combo (Set 2),6.69,4-C4A3R7WBL65WWE
Sesame Chicken (Set 2),4.79,4-C4A3R7WBL65WWE
Hainanese Chicken Rice,21.89,4-CYLXGED1CZADE6
Roasted Chicken Rice,17.89,4-CYLXGED1CZADE6
Chef's Special Combo,15.98,4-CYLXGED1CZADE6
Today's Recommendation,23.15,4-CYLXGED1CZADE6
Hainanese Chicken Rice (Set 2),17.89,4-CYLXGED1CZADE6
Chef's Special Combo (Set 2),24.68,4-CYLXGED1CZADE6
Chef's Special Combo (Set 2),17.89,4-CYLXGED1CZADE6
House Signature Dish,14.47,4-CYLXGED1CZADE6
Roasted Chicken Rice (Set 2),24.07,4-CYLXGED1CZADE6
Today's Recommendation (Set 2),26.05,4-CYLXGED1CZADE6
Margherita Pizza,14.12,4-C74VTRCZGFXYJX
Pepperoni Pizza,8.16,4-C74VTRCZGFXYJX
Hawaiian Pizza,14.42,4-C74VTRCZGFXYJX
BBQ Chicken Pizza,10.64,4-C74VTRCZGFXYJX
Hawaiian Pizza (Set 2),10.1,4-C74VTRCZGFXYJX
Today's Recommendation,8.09,4-C74VTRCZGFXYJX
House Signature Dish,12.76,4-C74VTRCZGFXYJX
BBQ Chicken Pizza (Set 2),12.06,4-C74VTRCZGFXYJX
BBQ Chicken Pizza (Set 2),14.8,4-C74VTRCZGFXYJX
Chef's Special Combo,8.62,4-C74VTRCZGFXYJX
Nasi Lemak,13.89,4-C8CJVEUDCRDHV2
Char Kway Teow,15.05,4-C8CJVEUDCRDHV2
Roti Canai,25.77,4-C8CJVEUDCRDHV2
Satay Skewers,19.88,4-C8CJVEUDCRDHV2
Char Siew Platter,15.57,4-C8CJVEUDCRDHV2
Roasted Pork Belly,18.15,4-C8CJVEUDCRDHV2
Combo Roast Meat Rice,26.3,4-C8CJVEUDCRDHV2
Daily Special Set,22.05,4-C8CJVEUDCRDHV2
Chef's Special Combo,24.84,4-C8CJVEUDCRDHV2
Roasted Pork Belly (Set 2),22.57,4-C8CJVEUDCRDHV2
Fish Curry,11.73,4-CYVKTCJAL4EHRN
Roti Canai,13.7,4-CYVKTCJAL4EHRN
Salted Egg Crab,9.23,4-CYVKTCJAL4EHRN
Deep Fried Fish,12.84,4-CYVKTCJAL4EHRN
Satay Skewers,12.89,4-CYVKTCJAL4EHRN
Nasi Lemak,8.97,4-CYVKTCJAL4EHRN
Grilled Fish,9.62,4-CYVKTCJAL4EHRN
Chili Crab,11.64,4-CYVKTCJAL4EHRN
Grilled Prawns,14.13,4-CYVKTCJAL4EHRN
Salt & Pepper Squid,11.73,4-CYVKTCJAL4EHRN
Kimchi Jjigae,8.57,4-C2UFJJJGMEXUKA
Tteokbokki,8.49,4-C2UFJJJGMEXUKA
Bulgogi Beef,6.09,4-C2UFJJJGMEXUKA
Korean Fried Chicken,4.22,4-C2UFJJJGMEXUKA
BBQ Pork Ribs,8.96,4-C2UFJJJGMEXUKA
Grilled Satay Platter,7.67,4-C2UFJJJGMEXUKA
BBQ Chicken Wings,6.52,4-C2UFJJJGMEXUKA
Steamboat Set,6.13,4-C2UFJJJGMEXUKA
Spicy Hot Pot Combo,5.97,4-C2UFJJJGMEXUKA
Daily Special Set,8.05,4-C2UFJJJGMEXUKA
Yang Zhou Fried Rice,8.06,4-C4NDAP5BNP5DAN
Korean Fried Chicken,9.37,4-C4NDAP5BNP5DAN
Egg Fried Rice,12.18,4-C4NDAP5BNP5DAN
Hot & Sour Soup,7.73,4-C4NDAP5BNP5DAN
Kung Pao Chicken,10.84,4-C4NDAP5BNP5DAN
Braised Pork Belly,9.44,4-C4NDAP5BNP5DAN
Spicy Fried Chicken,12.63,4-C4NDAP5BNP5DAN
Grilled Prawns,13.86,4-C4NDAP5BNP5DAN
Char Siew Rice,12.98,4-C4NDAP5BNP5DAN
Salt & Pepper Squid,7.2,4-C4NDAP5BNP5DAN
Chef's Special Combo,12.01,4-C7DBNJUUCU3GSA
House Signature Dish,12.63,4-C7DBNJUUCU3GSA
Daily Special Set,7.01,4-C7DBNJUUCU3GSA
Today's Recommendation,12.02,4-C7DBNJUUCU3GSA
Today's Recommendation (Set 2),10.08,4-C7DBNJUUCU3GSA
Today's Recommendation (Set 2),12.53,4-C7DBNJUUCU3GSA
Daily Special Set (Set 2),11.25,4-C7DBNJUUCU3GSA
Daily Special Set (Set 2),9.37,4-C7DBNJUUCU3GSA
Daily Special Set (Set 2),13.02,4-C7DBNJUUCU3GSA
House Signature Dish (Set 2),12.58,4-C7DBNJUUCU3GSA
Fishball Noodles,9.91,4-C3KBRFC1EEN3L6
Braised Beef Noodles,7.41,4-C3KBRFC1EEN3L6
Prawn Noodle Soup,10.06,4-C3KBRFC1EEN3L6
Char Siew Rice,10.72,4-C3KBRFC1EEN3L6
Kung Pao Chicken,7.33,4-C3KBRFC1EEN3L6
Roast Duck Rice,9.93,4-C3KBRFC1EEN3L6
Roast Duck Noodles,12.19,4-C3KBRFC1EEN3L6
Braised Pork Belly,12.64,4-C3KBRFC1EEN3L6
Stir-fried Kailan,11.49,4-C3KBRFC1EEN3L6
Wonton Mee,13.19,4-C3KBRFC1EEN3L6
Chef's Special Combo,13.03,4-C7DBNJUUCU3GSA
House Signature Dish,13.09,4-C7DBNJUUCU3GSA
Daily Special Set,9.56,4-C7DBNJUUCU3GSA
Today's Recommendation,14.18,4-C7DBNJUUCU3GSA
Daily Special Set (Set 2),11.03,4-C7DBNJUUCU3GSA
House Signature Dish (Set 2),10.38,4-C7DBNJUUCU3GSA
Today's Recommendation (Set 2),7.44,4-C7DBNJUUCU3GSA
House Signature Dish (Set 2),9.98,4-C7DBNJUUCU3GSA
Today's Recommendation (Set 2),10.62,4-C7DBNJUUCU3GSA
Today's Recommendation (Set 2),11.01,4-C7DBNJUUCU3GSA
Yang Zhou Fried Rice,14.56,4-C3KBRFC1EEN3L6
Wonton Mee,13.47,4-C3KBRFC1EEN3L6
Braised Beef Noodles,14.53,4-C3KBRFC1EEN3L6
Prawn Noodle Soup,7.53,4-C3KBRFC1EEN3L6
Salted Egg Prawns,14.14,4-C3KBRFC1EEN3L6
Combo Roast Meat Rice,10.66,4-C3KBRFC1EEN3L6
Dan Dan Noodles,7.64,4-C3KBRFC1EEN3L6
Mapo Tofu,14.18,4-C3KBRFC1EEN3L6
Char Siew Platter,9.31,4-C3KBRFC1EEN3L6
Roast Duck Rice,14.65,4-C3KBRFC1EEN3L6
Sweet & Sour Pork,13.34,4-C3JDL6EKV3UGJT
Kung Pao Chicken,19.25,4-C3JDL6EKV3UGJT
Steamed Fish with Ginger,23.24,4-C3JDL6EKV3UGJT
Combo Roast Meat Rice,26.98,4-C3JDL6EKV3UGJT
Roasted Pork Belly,20.11,4-C3JDL6EKV3UGJT
Hot & Sour Soup,19.3,4-C3JDL6EKV3UGJT
Roast Duck Rice,24.07,4-C3JDL6EKV3UGJT
Yang Zhou Fried Rice,13.32,4-C3JDL6EKV3UGJT
Char Siew Platter,15.84,4-C3JDL6EKV3UGJT
Mapo Tofu,13.33,4-C3JDL6EKV3UGJT
Yang Zhou Fried Rice,22.99,4-C8C2CXTDNLMDEA
Stir-fried Kailan,20.95,4-C8C2CXTDNLMDEA
Mapo Tofu,21.23,4-C8C2CXTDNLMDEA
Char Siew Rice,19.87,4-C8C2CXTDNLMDEA
Salted Egg Prawns,21.51,4-C8C2CXTDNLMDEA
Hot & Sour Soup,26.47,4-C8C2CXTDNLMDEA
Mala Hotpot Combo,17.6,4-C8C2CXTDNLMDEA
Kung Pao Chicken,24.84,4-C8C2CXTDNLMDEA
Spicy Mala Skewers,16.4,4-C8C2CXTDNLMDEA
Steamed Fish with Ginger,18.58,4-C8C2CXTDNLMDEA
Salted Egg Prawns,14.39,4-C24FGN5FRVEVG6
Braised Beef Noodles,12.69,4-C24FGN5FRVEVG6
Prawn Noodle Soup,9.28,4-C24FGN5FRVEVG6
Braised Pork Belly,14.79,4-C24FGN5FRVEVG6
Kung Pao Chicken,13.71,4-C24FGN5FRVEVG6
Mapo Tofu,12.54,4-C24FGN5FRVEVG6
Steamed Fish with Ginger,12.33,4-C24FGN5FRVEVG6
Hot & Sour Soup,8.23,4-C24FGN5FRVEVG6
Dan Dan Noodles,8.9,4-C24FGN5FRVEVG6
Dry Mee Pok,7.33,4-C24FGN5FRVEVG6
Salmon Sashimi,16.08,4-C3XWLBWUL2AYJT
California Roll,23.61,4-C3XWLBWUL2AYJT
Chicken Katsu,22.98,4-C3XWLBWUL2AYJT
Tempura Udon,27.67,4-C3XWLBWUL2AYJT
California Roll (Set 2),15.22,4-C3XWLBWUL2AYJT
Daily Special Set,19.73,4-C3XWLBWUL2AYJT
Tempura Udon (Set 2),27.63,4-C3XWLBWUL2AYJT
Salmon Sashimi (Set 2),21.0,4-C3XWLBWUL2AYJT
California Roll (Set 2),14.82,4-C3XWLBWUL2AYJT
Daily Special Set (Set 2),13.37,4-C3XWLBWUL2AYJT
Butter Chicken,8.64,4-C7DHVTBYUE4VT6
Chicken Tikka Masala,4.78,4-C7DHVTBYUE4VT6
Palak Paneer,8.85,4-C7DHVTBYUE4VT6
Chana Masala,6.73,4-C7DHVTBYUE4VT6
Egg Fried Rice,6.54,4-C7DHVTBYUE4VT6
Seafood Fried Rice,7.24,4-C7DHVTBYUE4VT6
Kimchi Fried Rice,5.48,4-C7DHVTBYUE4VT6
Chana Masala (Set 2),8.48,4-C7DHVTBYUE4VT6
Daily Special Set,8.85,4-C7DHVTBYUE4VT6
Chana Masala (Set 2),7.77,4-C7DHVTBYUE4VT6
Wonton Mee,12.42,4-C6XFLUKHNUVELN
Prawn Noodle Soup,7.94,4-C6XFLUKHNUVELN
Steamed Fish with Ginger,7.2,4-C6XFLUKHNUVELN
Dry Mee Pok,11.94,4-C6XFLUKHNUVELN
Chee Cheong Fun,8.76,4-C6XFLUKHNUVELN
Har Gow Prawn Dumplings,9.86,4-C6XFLUKHNUVELN
Yang Zhou Fried Rice,9.61,4-C6XFLUKHNUVELN
Spring Rolls,11.87,4-C6XFLUKHNUVELN
Sweet & Sour Pork,8.56,4-C6XFLUKHNUVELN
Kung Pao Chicken,11.21,4-C6XFLUKHNUVELN
Butter Chicken,8.88,SGDD09042
Chicken Tikka Masala,5.97,SGDD09042
Palak Paneer,6.45,SGDD09042
Chana Masala,7.02,SGDD09042
Butter Chicken (Set 2),6.56,SGDD09042
Today's Recommendation,4.28,SGDD09042
Chef's Special Combo,7.33,SGDD09042
House Signature Dish,5.99,SGDD09042
Chana Masala (Set 2),7.58,SGDD09042
House Signature Dish (Set 2),6.14,SGDD09042
Braised Beef Noodles,7.64,4-CZDWTBMDLKVYAX
Mapo Tofu,6.22,4-CZDWTBMDLKVYAX
Braised Pork Belly,8.96,4-CZDWTBMDLKVYAX
Steamed Fish with Ginger,8.02,4-CZDWTBMDLKVYAX
Fishball Noodles,5.44,4-CZDWTBMDLKVYAX
Dan Dan Noodles,8.03,4-CZDWTBMDLKVYAX
Dry Mee Pok,8.85,4-CZDWTBMDLKVYAX
Hot & Sour Soup,6.12,4-CZDWTBMDLKVYAX
Sweet & Sour Pork,8.48,4-CZDWTBMDLKVYAX
Stir-fried Kailan,4.7,4-CZDWTBMDLKVYAX
Kung Pao Chicken,4.03,4-C6N2E2XYL8N1V2
Mala Skewers,7.19,4-C6N2E2XYL8N1V2
Yang Zhou Fried Rice,5.37,4-C6N2E2XYL8N1V2
Steamed Fish with Ginger,4.87,4-C6N2E2XYL8N1V2
Hot & Sour Soup,6.31,4-C6N2E2XYL8N1V2
Stir-fried Kailan,6.84,4-C6N2E2XYL8N1V2
Mapo Tofu,8.57,4-C6N2E2XYL8N1V2
Sweet & Sour Pork,5.0,4-C6N2E2XYL8N1V2
Char Siew Rice,8.16,4-C6N2E2XYL8N1V2
Braised Pork Belly,5.45,4-C6N2E2XYL8N1V2
Dry Mee Pok,7.21,4-C7NUGXWAGLKENA
Braised Pork Belly,7.02,4-C7NUGXWAGLKENA
Prawn Noodle Soup,9.1,4-C7NUGXWAGLKENA
Steamed Fish with Ginger,14.65,4-C7NUGXWAGLKENA
Salted Egg Prawns,13.67,4-C7NUGXWAGLKENA
Braised Beef Noodles,10.78,4-C7NUGXWAGLKENA
Hot & Sour Soup,12.23,4-C7NUGXWAGLKENA
Stir-fried Kailan,14.14,4-C7NUGXWAGLKENA
Dan Dan Noodles,10.34,4-C7NUGXWAGLKENA
Sweet & Sour Pork,10.94,4-C7NUGXWAGLKENA
Grilled Chicken Chop,5.22,4-C6KCAXLKNECKT2
Fish & Chips,4.6,4-C6KCAXLKNECKT2
Beef Steak,5.39,4-C6KCAXLKNECKT2
Caesar Salad,8.97,4-C6KCAXLKNECKT2
Mushroom Soup,4.33,4-C6KCAXLKNECKT2
Roast Lamb Rack,7.73,4-C6KCAXLKNECKT2
Greek Salad,6.91,4-C6KCAXLKNECKT2
Quinoa Salad,6.83,4-C6KCAXLKNECKT2
Quinoa Salad (Set 2),8.34,4-C6KCAXLKNECKT2
Greek Salad (Set 2),7.14,4-C6KCAXLKNECKT2
Chef's Special Combo,11.65,4-C2A2RKM2AZBFLN
House Signature Dish,8.17,4-C2A2RKM2AZBFLN
Daily Special Set,10.69,4-C2A2RKM2AZBFLN
Today's Recommendation,12.55,4-C2A2RKM2AZBFLN
Today's Recommendation (Set 2),9.86,4-C2A2RKM2AZBFLN
House Signature Dish (Set 2),7.42,4-C2A2RKM2AZBFLN
House Signature Dish (Set 2),9.89,4-C2A2RKM2AZBFLN
Chef's Special Combo (Set 2),12.09,4-C2A2RKM2AZBFLN
Chef's Special Combo (Set 2),14.64,4-C2A2RKM2AZBFLN
Daily Special Set (Set 2),7.39,4-C2A2RKM2AZBFLN
Salted Egg Prawns,5.61,4-CY6DRT22VE6XHE
Stir-fried Kailan,5.58,4-CY6DRT22VE6XHE
Wonton Mee,8.22,4-CY6DRT22VE6XHE
Sweet & Sour Pork,8.0,4-CY6DRT22VE6XHE
Fishball Noodles,5.36,4-CY6DRT22VE6XHE
Yang Zhou Fried Rice,7.49,4-CY6DRT22VE6XHE
Kung Pao Chicken,5.81,4-CY6DRT22VE6XHE
Braised Beef Noodles,6.67,4-CY6DRT22VE6XHE
Dry Mee Pok,5.76,4-CY6DRT22VE6XHE
Steamed Fish with Ginger,4.72,4-CY6DRT22VE6XHE
Beef Steak,8.24,4-C24XBAMFCEMXNN
Ice Kacang,8.77,4-C24XBAMFCEMXNN
Mushroom Soup,8.51,4-C24XBAMFCEMXNN
Roast Lamb Rack,14.18,4-C24XBAMFCEMXNN
Chendol,11.91,4-C24XBAMFCEMXNN
Mango Sticky Rice,13.65,4-C24XBAMFCEMXNN
Chocolate Fudge Cake,11.21,4-C24XBAMFCEMXNN
Fish & Chips,11.26,4-C24XBAMFCEMXNN
Grilled Chicken Chop,11.41,4-C24XBAMFCEMXNN
Cheesecake,13.05,4-C24XBAMFCEMXNN
Butter Chicken,14.39,4-C65HNT53HEWXVA
Chicken Tikka Masala,10.84,4-C65HNT53HEWXVA
Palak Paneer,9.49,4-C65HNT53HEWXVA
Chana Masala,9.9,4-C65HNT53HEWXVA
House Signature Dish,13.54,4-C65HNT53HEWXVA
Palak Paneer (Set 2),14.12,4-C65HNT53HEWXVA
Chana Masala (Set 2),11.78,4-C65HNT53HEWXVA
House Signature Dish (Set 2),13.11,4-C65HNT53HEWXVA
House Signature Dish (Set 2),9.74,4-C65HNT53HEWXVA
Daily Special Set,12.68,4-C65HNT53HEWXVA
Braised Pork Belly,8.04,4-C8AJWGABGXVZCA
Sweet & Sour Pork,7.63,4-C8AJWGABGXVZCA
Yang Zhou Fried Rice,12.53,4-C8AJWGABGXVZCA
Kung Pao Chicken,13.27,4-C8AJWGABGXVZCA
Stir-fried Kailan,7.62,4-C8AJWGABGXVZCA
Mapo Tofu,13.2,4-C8AJWGABGXVZCA
Hainanese Chicken Rice,13.06,4-C8AJWGABGXVZCA
Hot & Sour Soup,7.34,4-C8AJWGABGXVZCA
Char Siew Rice,7.86,4-C8AJWGABGXVZCA
Roasted Chicken Rice,13.34,4-C8AJWGABGXVZCA
Chef's Special Combo,9.41,4-C8BEUBUFR74WAJ
House Signature Dish,7.08,4-C8BEUBUFR74WAJ
Daily Special Set,7.77,4-C8BEUBUFR74WAJ
Today's Recommendation,7.99,4-C8BEUBUFR74WAJ
Chef's Special Combo (Set 2),11.81,4-C8BEUBUFR74WAJ
Today's Recommendation (Set 2),11.7,4-C8BEUBUFR74WAJ
House Signature Dish (Set 2),8.6,4-C8BEUBUFR74WAJ
Chef's Special Combo (Set 2),12.36,4-C8BEUBUFR74WAJ
Chef's Special Combo (Set 2),7.23,4-C8BEUBUFR74WAJ
House Signature Dish (Set 2),8.16,4-C8BEUBUFR74WAJ
Cheese Naan,6.85,SGDD06299
Chicken Biryani,4.5,SGDD06299
Butter Naan,6.89,SGDD06299
Mutton Biryani,4.07,SGDD06299
Creamy Butter Chicken,5.08,SGDD06299
Chicken Tikka Masala,4.96,SGDD06299
Garlic Naan,5.41,SGDD06299
Butter Chicken with Naan,8.51,SGDD06299
Vegetable Biryani,6.69,SGDD06299
Palak Paneer,8.87,SGDD06299
Salmon Sashimi,13.81,4-C76URYLTDEDHGT
California Roll,10.8,4-C76URYLTDEDHGT
Chicken Katsu,12.59,4-C76URYLTDEDHGT
Tempura Udon,8.48,4-C76URYLTDEDHGT
Steamed Fish,12.39,4-C76URYLTDEDHGT
Butter Garlic Prawns,7.86,4-C76URYLTDEDHGT
Seafood Platter,13.68,4-C76URYLTDEDHGT
House Signature Dish,14.85,4-C76URYLTDEDHGT
Today's Recommendation,10.39,4-C76URYLTDEDHGT
Steamed Fish (Set 2),11.11,4-C76URYLTDEDHGT
Nasi Lemak,6.6,4-C7MBAGJTCTUVFE
Char Kway Teow,6.48,4-C7MBAGJTCTUVFE
Roti Canai,5.81,4-C7MBAGJTCTUVFE
Satay Skewers,5.44,4-C7MBAGJTCTUVFE
Roti Canai (Set 2),7.61,4-C7MBAGJTCTUVFE
House Signature Dish,4.41,4-C7MBAGJTCTUVFE
Char Kway Teow (Set 2),6.47,4-C7MBAGJTCTUVFE
House Signature Dish (Set 2),5.92,4-C7MBAGJTCTUVFE
Satay Skewers (Set 2),6.28,4-C7MBAGJTCTUVFE
House Signature Dish (Set 2),7.68,4-C7MBAGJTCTUVFE
Herbal Chicken Soup,14.16,SGDD05333
Hot & Sour Soup,13.42,SGDD05333
Yang Zhou Fried Rice,14.51,SGDD05333
Stir-fried Kailan,9.94,SGDD05333
Char Siew Rice,7.1,SGDD05333
Steamed Fish with Ginger,12.39,SGDD05333
Salted Egg Prawns,12.38,SGDD05333
Sweet Corn Soup,10.17,SGDD05333
Sweet & Sour Pork,11.18,SGDD05333
Braised Pork Belly,12.41,SGDD05333
Salmon Sashimi,8.15,SGDD09671
California Roll,10.2,SGDD09671
Chicken Katsu,11.72,SGDD09671
Tempura Udon,7.81,SGDD09671
Original Fried Chicken,14.4,SGDD09671
Spicy Fried Chicken,14.82,SGDD09671
Honey Glazed Wings,7.52,SGDD09671
Popcorn Chicken,14.8,SGDD09671
Korean Fried Chicken,9.71,SGDD09671
House Signature Dish,11.76,SGDD09671
Fresh Produce Box,9.23,4-C7T1E4DKVXXJLN
Household Essentials Pack,12.71,4-C7T1E4DKVXXJLN
Instant Noodles Pack,11.66,4-C7T1E4DKVXXJLN
Snack Bundle,9.18,4-C7T1E4DKVXXJLN
Bottled Drink,13.32,4-C7T1E4DKVXXJLN
Instant Noodles Pack (Set 2),12.15,4-C7T1E4DKVXXJLN
House Signature Dish,10.2,4-C7T1E4DKVXXJLN
Today's Recommendation,10.81,4-C7T1E4DKVXXJLN
Instant Noodles Pack (Set 2),11.83,4-C7T1E4DKVXXJLN
Snack Bundle (Set 2),10.24,4-C7T1E4DKVXXJLN
Chicken Katsu Bento,5.15,4-C4EUNELUAYLAPE
Salmon Teriyaki Bento,8.71,4-C4EUNELUAYLAPE
Teriyaki Chicken Rice Bowl,4.15,4-C4EUNELUAYLAPE
California Roll,7.69,4-C4EUNELUAYLAPE
Tempura Udon,8.15,4-C4EUNELUAYLAPE
Salmon Sashimi,6.49,4-C4EUNELUAYLAPE
Tempura Bento,4.13,4-C4EUNELUAYLAPE
Salmon Poke Bowl,4.9,4-C4EUNELUAYLAPE
Chicken Katsu,7.02,4-C4EUNELUAYLAPE
Beef Don,5.63,4-C4EUNELUAYLAPE
Nasi Lemak,9.35,4-C7VANKJKUGLGGX
Char Kway Teow,10.98,4-C7VANKJKUGLGGX
Roti Canai,11.04,4-C7VANKJKUGLGGX
Satay Skewers,11.34,4-C7VANKJKUGLGGX
Nasi Lemak (Set 2),13.48,4-C7VANKJKUGLGGX
House Signature Dish,11.32,4-C7VANKJKUGLGGX
House Signature Dish (Set 2),7.14,4-C7VANKJKUGLGGX
Satay Skewers (Set 2),13.11,4-C7VANKJKUGLGGX
Satay Skewers (Set 2),14.93,4-C7VANKJKUGLGGX
Today's Recommendation,14.04,4-C7VANKJKUGLGGX
Sweet & Sour Pork,6.78,4-CYM3G8DWCACVAN
Char Siew Rice,8.3,4-CYM3G8DWCACVAN
Hot & Sour Soup,5.52,4-CYM3G8DWCACVAN
Mapo Tofu,7.53,4-CYM3G8DWCACVAN
Steamboat Set,6.46,4-CYM3G8DWCACVAN
Spicy Mala Skewers,4.67,4-CYM3G8DWCACVAN
Stir-fried Kailan,7.58,4-CYM3G8DWCACVAN
Braised Pork Belly,6.44,4-CYM3G8DWCACVAN
Salted Egg Prawns,4.55,4-CYM3G8DWCACVAN
Spicy Hot Pot Combo,7.38,4-CYM3G8DWCACVAN
Chendol,18.87,4-C7DHAZJCAFAZG6
Chocolate Sundae,20.42,4-C7DHAZJCAFAZG6
Tau Huay,27.56,4-C7DHAZJCAFAZG6
Ice Kacang,22.25,4-C7DHAZJCAFAZG6
Matcha Ice Cream,18.29,4-C7DHAZJCAFAZG6
Mango Sticky Rice,27.67,4-C7DHAZJCAFAZG6
Mushroom Soup,17.81,4-C7DHAZJCAFAZG6
Fish & Chips,13.42,4-C7DHAZJCAFAZG6
Vanilla Bean Ice Cream,13.68,4-C7DHAZJCAFAZG6
Grilled Chicken Chop,25.55,4-C7DHAZJCAFAZG6
Chef's Special Combo,9.76,4-C76TVBBFEE2ATJ
House Signature Dish,9.86,4-C76TVBBFEE2ATJ
Daily Special Set,9.81,4-C76TVBBFEE2ATJ
Today's Recommendation,12.29,4-C76TVBBFEE2ATJ
House Signature Dish (Set 2),8.98,4-C76TVBBFEE2ATJ
Chef's Special Combo (Set 2),12.18,4-C76TVBBFEE2ATJ
House Signature Dish (Set 2),11.74,4-C76TVBBFEE2ATJ
Daily Special Set (Set 2),14.28,4-C76TVBBFEE2ATJ
House Signature Dish (Set 2),7.52,4-C76TVBBFEE2ATJ
Daily Special Set (Set 2),9.44,4-C76TVBBFEE2ATJ
Chef's Special Combo,7.29,4-C3NERF4AEY6KRJ
House Signature Dish,6.11,4-C3NERF4AEY6KRJ
Daily Special Set,6.57,4-C3NERF4AEY6KRJ
Today's Recommendation,6.11,4-C3NERF4AEY6KRJ
House Signature Dish (Set 2),4.1,4-C3NERF4AEY6KRJ
Daily Special Set (Set 2),6.35,4-C3NERF4AEY6KRJ
Chef's Special Combo (Set 2),4.11,4-C3NERF4AEY6KRJ
House Signature Dish (Set 2),5.58,4-C3NERF4AEY6KRJ
Chef's Special Combo (Set 2),6.85,4-C3NERF4AEY6KRJ
Today's Recommendation (Set 2),5.61,4-C3NERF4AEY6KRJ
Caesar Salad,4.83,4-C6NYRT3GRKK2EE
Bolognese Spaghetti,5.5,4-C6NYRT3GRKK2EE
Fish & Chips,8.85,4-C6NYRT3GRKK2EE
Popiah,5.01,4-C6NYRT3GRKK2EE
Curry Puff,7.18,4-C6NYRT3GRKK2EE
Truffle Mushroom Pasta,8.87,4-C6NYRT3GRKK2EE
Roast Lamb Rack,4.38,4-C6NYRT3GRKK2EE
Pepperoni Pizza,8.25,4-C6NYRT3GRKK2EE
Hawaiian Pizza,5.07,4-C6NYRT3GRKK2EE
Spring Rolls,5.33,4-C6NYRT3GRKK2EE
Chendol,11.53,4-C4CWJ7LGCP5UGA
Soda Float,11.25,4-C4CWJ7LGCP5UGA
Tau Huay,10.42,4-C4CWJ7LGCP5UGA
Mango Sticky Rice,9.78,4-C4CWJ7LGCP5UGA
Matcha Ice Cream,7.61,4-C4CWJ7LGCP5UGA
Iced Chrysanthemum Tea,13.59,4-C4CWJ7LGCP5UGA
Spring Rolls,11.04,4-C4CWJ7LGCP5UGA
Chocolate Sundae,9.4,4-C4CWJ7LGCP5UGA
Ice Kacang,12.31,4-C4CWJ7LGCP5UGA
Vanilla Bean Ice Cream,9.51,4-C4CWJ7LGCP5UGA
Kimchi Jjigae,5.26,4-C2XZVXTBE3CZRT
Tteokbokki,6.58,4-C2XZVXTBE3CZRT
Bulgogi Beef,7.36,4-C2XZVXTBE3CZRT
Korean Fried Chicken,6.74,4-C2XZVXTBE3CZRT
Tonkotsu Ramen,8.4,4-C2XZVXTBE3CZRT
Miso Ramen,7.14,4-C2XZVXTBE3CZRT
Shoyu Ramen,6.58,4-C2XZVXTBE3CZRT
Spicy Tantanmen,4.93,4-C2XZVXTBE3CZRT
Bulgogi Beef (Set 2),6.5,4-C2XZVXTBE3CZRT
Bulgogi Beef (Set 2),7.3,4-C2XZVXTBE3CZRT
Hot & Sour Soup,8.92,4-C8C3V7DJTFDGAJ
Steamed Fish with Ginger,12.97,4-C8C3V7DJTFDGAJ
Char Siew Rice,13.12,4-C8C3V7DJTFDGAJ
Stir-fried Kailan,13.75,4-C8C3V7DJTFDGAJ
Mapo Tofu,10.28,4-C8C3V7DJTFDGAJ
Braised Pork Belly,13.88,4-C8C3V7DJTFDGAJ
Sweet & Sour Pork,14.29,4-C8C3V7DJTFDGAJ
Yang Zhou Fried Rice,12.07,4-C8C3V7DJTFDGAJ
Kung Pao Chicken,13.77,4-C8C3V7DJTFDGAJ
Salted Egg Prawns,9.14,4-C8C3V7DJTFDGAJ
Nasi Lemak,5.28,4-C742EAEYLY5TVT
Char Kway Teow,7.01,4-C742EAEYLY5TVT
Roti Canai,6.03,4-C742EAEYLY5TVT
Satay Skewers,4.57,4-C742EAEYLY5TVT
Minced Meat Ban Mian,4.96,4-C742EAEYLY5TVT
Ban Mian with Anchovies,5.23,4-C742EAEYLY5TVT
Mushroom Ban Mian,8.14,4-C742EAEYLY5TVT
Nasi Lemak (Set 2),6.32,4-C742EAEYLY5TVT
Mushroom Ban Mian (Set 2),6.8,4-C742EAEYLY5TVT
Daily Special Set,6.18,4-C742EAEYLY5TVT
Mango Sticky Rice,4.88,4-C7VDCYWVNJDHVX
Braised Pork Belly,8.26,4-C7VDCYWVNJDHVX
Yang Zhou Fried Rice,8.82,4-C7VDCYWVNJDHVX
Kung Pao Chicken,6.43,4-C7VDCYWVNJDHVX
Steamed Fish with Ginger,4.1,4-C7VDCYWVNJDHVX
Tau Huay,8.3,4-C7VDCYWVNJDHVX
Ice Kacang,4.42,4-C7VDCYWVNJDHVX
Stir-fried Kailan,7.01,4-C7VDCYWVNJDHVX
Char Siew Rice,8.34,4-C7VDCYWVNJDHVX
Salted Egg Prawns,8.5,4-C7VDCYWVNJDHVX
Wonton Mee,8.72,4-CZDWSE3JE4JWWA
Dan Dan Noodles,7.62,4-CZDWSE3JE4JWWA
Braised Beef Noodles,4.7,4-CZDWSE3JE4JWWA
Prawn Noodle Soup,4.56,4-CZDWSE3JE4JWWA
Fishball Noodles,7.67,4-CZDWSE3JE4JWWA
Dry Mee Pok,8.66,4-CZDWSE3JE4JWWA
Braised Beef Noodles (Set 2),6.61,4-CZDWSE3JE4JWWA
Dan Dan Noodles (Set 2),8.14,4-CZDWSE3JE4JWWA
House Signature Dish,8.75,4-CZDWSE3JE4JWWA
Braised Beef Noodles (Set 2),8.66,4-CZDWSE3JE4JWWA
Stir-fried Kailan,7.74,4-C3MEPGDFN2D3JX
Hot & Sour Soup,5.18,4-C3MEPGDFN2D3JX
Sweet & Sour Pork,6.11,4-C3MEPGDFN2D3JX
Yang Zhou Fried Rice,4.72,4-C3MEPGDFN2D3JX
Salted Egg Prawns,4.88,4-C3MEPGDFN2D3JX
Prawn Noodle Soup,8.85,4-C3MEPGDFN2D3JX
Mapo Tofu,6.2,4-C3MEPGDFN2D3JX
Dan Dan Noodles,5.27,4-C3MEPGDFN2D3JX
Char Siew Rice,6.95,4-C3MEPGDFN2D3JX
Fishball Noodles,6.45,4-C3MEPGDFN2D3JX
Flat White,27.45,4-C8C3VFKXRAD3N6
Cappuccino,26.19,4-C8C3VFKXRAD3N6
Iced Latte,27.05,4-C8C3VFKXRAD3N6
Espresso,18.44,4-C8C3VFKXRAD3N6
Cappuccino (Set 2),23.74,4-C8C3VFKXRAD3N6
House Signature Dish,25.32,4-C8C3VFKXRAD3N6
Cappuccino (Set 2),13.32,4-C8C3VFKXRAD3N6
Iced Latte (Set 2),27.5,4-C8C3VFKXRAD3N6
Espresso (Set 2),22.09,4-C8C3VFKXRAD3N6
Today's Recommendation,25.62,4-C8C3VFKXRAD3N6
Butter Chicken,13.86,4-C8BJA7KCN2WVLT
Chana Masala,10.11,4-C8BJA7KCN2WVLT
Hokkien Mee,14.28,4-C8BJA7KCN2WVLT
Steamed Fish,10.14,4-C8BJA7KCN2WVLT
Butter Garlic Prawns,14.82,4-C8BJA7KCN2WVLT
Palak Paneer,9.04,4-C8BJA7KCN2WVLT
Rendang,7.72,4-C8BJA7KCN2WVLT
Mee Rebus,13.58,4-C8BJA7KCN2WVLT
Seafood Platter,8.88,4-C8BJA7KCN2WVLT
Chicken Tikka Masala,8.68,4-C8BJA7KCN2WVLT
Butter Chicken,13.93,4-C6CDKAEUGNEAGN
Chicken Tikka Masala,13.59,4-C6CDKAEUGNEAGN
Palak Paneer,14.52,4-C6CDKAEUGNEAGN
Chana Masala,10.77,4-C6CDKAEUGNEAGN
Daily Special Set,10.3,4-C6CDKAEUGNEAGN
Chana Masala (Set 2),13.73,4-C6CDKAEUGNEAGN
Chicken Tikka Masala (Set 2),12.74,4-C6CDKAEUGNEAGN
Palak Paneer (Set 2),14.01,4-C6CDKAEUGNEAGN
Chef's Special Combo,13.56,4-C6CDKAEUGNEAGN
Butter Chicken (Set 2),13.6,4-C6CDKAEUGNEAGN
Stir-fried Kailan,4.14,4-C65EEY4XMFMDNE
Dry Mee Pok,4.26,4-C65EEY4XMFMDNE
Sweet & Sour Pork,7.21,4-C65EEY4XMFMDNE
Mapo Tofu,7.15,4-C65EEY4XMFMDNE
Char Siew Rice,7.96,4-C65EEY4XMFMDNE
Salted Egg Prawns,4.68,4-C65EEY4XMFMDNE
Fishball Noodles,6.0,4-C65EEY4XMFMDNE
Braised Beef Noodles,7.14,4-C65EEY4XMFMDNE
Hot & Sour Soup,5.57,4-C65EEY4XMFMDNE
Wonton Mee,4.41,4-C65EEY4XMFMDNE
Fresh Produce Box,13.34,4-C35EMEE2CLLUC2
Household Essentials Pack,9.56,4-C35EMEE2CLLUC2
Instant Noodles Pack,10.83,4-C35EMEE2CLLUC2
Snack Bundle,12.88,4-C35EMEE2CLLUC2
Bottled Drink,9.09,4-C35EMEE2CLLUC2
Daily Special Set,12.5,4-C35EMEE2CLLUC2
Today's Recommendation,13.61,4-C35EMEE2CLLUC2
Bottled Drink (Set 2),13.4,4-C35EMEE2CLLUC2
Daily Special Set (Set 2),8.59,4-C35EMEE2CLLUC2
Instant Noodles Pack (Set 2),10.32,4-C35EMEE2CLLUC2
Roast Lamb Rack,14.79,4-CZLWWGCFN6VYRA
Original Fried Chicken,8.59,4-CZLWWGCFN6VYRA
Mushroom Swiss Burger,12.61,4-CZLWWGCFN6VYRA
Popcorn Chicken,8.35,4-CZLWWGCFN6VYRA
Caesar Salad,10.21,4-CZLWWGCFN6VYRA
Grilled Chicken Chop,10.43,4-CZLWWGCFN6VYRA
Korean Fried Chicken,9.08,4-CZLWWGCFN6VYRA
Honey Glazed Wings,7.71,4-CZLWWGCFN6VYRA
Classic Cheeseburger,9.94,4-CZLWWGCFN6VYRA
Double Beef Burger,14.58,4-CZLWWGCFN6VYRA
Yang Zhou Fried Rice,5.02,4-C4DJCTNVCVEZSE
Braised Pork Belly,8.73,4-C4DJCTNVCVEZSE
Dan Dan Noodles,8.07,4-C4DJCTNVCVEZSE
Stir-fried Kailan,5.33,4-C4DJCTNVCVEZSE
Char Siew Rice,7.73,4-C4DJCTNVCVEZSE
Hot & Sour Soup,5.91,4-C4DJCTNVCVEZSE
Wonton Mee,6.16,4-C4DJCTNVCVEZSE
Sweet & Sour Pork,5.03,4-C4DJCTNVCVEZSE
Dry Mee Pok,5.08,4-C4DJCTNVCVEZSE
Mapo Tofu,8.12,4-C4DJCTNVCVEZSE
Hand-Pulled Noodles,8.44,4-C7WYJY6UHGEXN2
Sesame Noodles,13.34,4-C7WYJY6UHGEXN2
Spicy Peanut Noodles,7.23,4-C7WYJY6UHGEXN2
Beef Brisket Noodles,14.81,4-C7WYJY6UHGEXN2
Steamed Fish,8.88,4-C7WYJY6UHGEXN2
Butter Garlic Prawns,10.61,4-C7WYJY6UHGEXN2
Seafood Platter,8.99,4-C7WYJY6UHGEXN2
Seafood Platter (Set 2),11.66,4-C7WYJY6UHGEXN2
Today's Recommendation,12.18,4-C7WYJY6UHGEXN2
Spicy Peanut Noodles (Set 2),7.69,4-C7WYJY6UHGEXN2
Hot & Sour Soup,7.76,4-C6CJRPXASCEKV6
Kung Pao Chicken,7.47,4-C6CJRPXASCEKV6
Mapo Tofu,9.66,4-C6CJRPXASCEKV6
Char Siew Rice,8.88,4-C6CJRPXASCEKV6
Yang Zhou Fried Rice,14.27,4-C6CJRPXASCEKV6
Salted Egg Prawns,14.97,4-C6CJRPXASCEKV6
Roasted Chicken Rice,14.51,4-C6CJRPXASCEKV6
Stir-fried Kailan,14.74,4-C6CJRPXASCEKV6
Hainanese Chicken Rice,11.79,4-C6CJRPXASCEKV6
Braised Pork Belly,12.99,4-C6CJRPXASCEKV6
Sweet & Sour Pork,14.74,4-C4BZAN3FR7NADA
Braised Pork Belly,11.48,4-C4BZAN3FR7NADA
Steamed Fish with Ginger,11.64,4-C4BZAN3FR7NADA
Stir-fried Kailan,9.08,4-C4BZAN3FR7NADA
Salted Egg Prawns,11.03,4-C4BZAN3FR7NADA
Char Siew Rice,14.44,4-C4BZAN3FR7NADA
Grilled Fish,14.02,4-C4BZAN3FR7NADA
Chili Crab,8.06,4-C4BZAN3FR7NADA
Mapo Tofu,9.54,4-C4BZAN3FR7NADA
Fish Curry,11.24,4-C4BZAN3FR7NADA
Hainanese Chicken Rice,12.98,4-CYWTRZNFHEJUJ6
Roasted Chicken Rice,14.41,4-CYWTRZNFHEJUJ6
House Signature Dish,9.26,4-CYWTRZNFHEJUJ6
Daily Special Set,14.02,4-CYWTRZNFHEJUJ6
Chef's Special Combo,11.9,4-CYWTRZNFHEJUJ6
Daily Special Set (Set 2),13.09,4-CYWTRZNFHEJUJ6
Chef's Special Combo (Set 2),9.11,4-CYWTRZNFHEJUJ6
House Signature Dish (Set 2),9.5,4-CYWTRZNFHEJUJ6
Today's Recommendation,14.14,4-CYWTRZNFHEJUJ6
Daily Special Set (Set 2),9.52,4-CYWTRZNFHEJUJ6
Hot & Sour Soup,7.29,4-C8CCT6KVVAT2GT
Kung Pao Chicken,9.08,4-C8CCT6KVVAT2GT
Stir-fried Kailan,12.65,4-C8CCT6KVVAT2GT
Mushroom Ban Mian,10.49,4-C8CCT6KVVAT2GT
Braised Pork Belly,14.96,4-C8CCT6KVVAT2GT
Yang Zhou Fried Rice,14.42,4-C8CCT6KVVAT2GT
Sweet & Sour Pork,7.33,4-C8CCT6KVVAT2GT
Minced Meat Ban Mian,9.85,4-C8CCT6KVVAT2GT
Char Siew Rice,12.67,4-C8CCT6KVVAT2GT
Steamed Fish with Ginger,10.88,4-C8CCT6KVVAT2GT
Dry Mee Pok,5.42,4-CY51PECFRK6XGT
Sweet & Sour Pork,8.17,4-CY51PECFRK6XGT
Prawn Noodle Soup,7.75,4-CY51PECFRK6XGT
Dan Dan Noodles,8.11,4-CY51PECFRK6XGT
Kung Pao Chicken,6.82,4-CY51PECFRK6XGT
Fishball Noodles,7.32,4-CY51PECFRK6XGT
Mapo Tofu,5.06,4-CY51PECFRK6XGT
Wonton Mee,8.99,4-CY51PECFRK6XGT
Yang Zhou Fried Rice,4.02,4-CY51PECFRK6XGT
Char Siew Rice,7.83,4-CY51PECFRK6XGT
Hainanese Chicken Rice,4.13,4-C7TYJFBVABXGG2
Roasted Chicken Rice,7.41,4-C7TYJFBVABXGG2
House Signature Dish,7.4,4-C7TYJFBVABXGG2
Today's Recommendation,5.97,4-C7TYJFBVABXGG2
Chef's Special Combo,6.95,4-C7TYJFBVABXGG2
House Signature Dish (Set 2),8.76,4-C7TYJFBVABXGG2
Today's Recommendation (Set 2),8.18,4-C7TYJFBVABXGG2
Roasted Chicken Rice (Set 2),4.77,4-C7TYJFBVABXGG2
Chef's Special Combo (Set 2),4.41,4-C7TYJFBVABXGG2
Daily Special Set,8.15,4-C7TYJFBVABXGG2
Dry Mee Pok,9.6,4-C6KCEVLEHELAG6
Fish Curry,12.85,4-C6KCEVLEHELAG6
Deep Fried Fish,12.87,4-C6KCEVLEHELAG6
Stir-fried Kailan,14.66,4-C6KCEVLEHELAG6
Braised Pork Belly,11.55,4-C6KCEVLEHELAG6
Chili Crab,8.69,4-C6KCEVLEHELAG6
Sweet & Sour Pork,7.39,4-C6KCEVLEHELAG6
Wonton Mee,12.15,4-C6KCEVLEHELAG6
Salted Egg Prawns,9.59,4-C6KCEVLEHELAG6
Hot & Sour Soup,7.44,4-C6KCEVLEHELAG6
Instant Noodles Pack,8.42,4-C35FFE42VRMKRN
Snack Bundle,14.72,4-C35FFE42VRMKRN
Bottled Drink,13.92,4-C35FFE42VRMKRN
Chef's Special Combo,7.71,4-C35FFE42VRMKRN
Instant Noodles Pack (Set 2),13.82,4-C35FFE42VRMKRN
Instant Noodles Pack (Set 2),8.3,4-C35FFE42VRMKRN
Today's Recommendation,13.24,4-C35FFE42VRMKRN
Chef's Special Combo (Set 2),9.28,4-C35FFE42VRMKRN
Today's Recommendation (Set 2),13.02,4-C35FFE42VRMKRN
Daily Special Set,12.23,4-C35FFE42VRMKRN
Instant Noodles Pack,14.23,4-C7TEGKW1AJ4DRJ
Snack Bundle,11.83,4-C7TEGKW1AJ4DRJ
Bottled Drink,9.87,4-C7TEGKW1AJ4DRJ
Onigiri Rice Ball,7.77,4-C7TEGKW1AJ4DRJ
Ready-to-eat Meal Box,9.94,4-C7TEGKW1AJ4DRJ
House Signature Dish,8.6,4-C7TEGKW1AJ4DRJ
Instant Noodles Pack (Set 2),10.56,4-C7TEGKW1AJ4DRJ
Onigiri Rice Ball (Set 2),10.1,4-C7TEGKW1AJ4DRJ
Bottled Drink (Set 2),9.15,4-C7TEGKW1AJ4DRJ
Instant Noodles Pack (Set 2),11.8,4-C7TEGKW1AJ4DRJ
Classic Milk Tea,7.07,4-C73UCJTBJPV2JX
Brown Sugar Boba Milk Tea,6.17,4-C73UCJTBJPV2JX
Taro Milk Tea,6.13,4-C73UCJTBJPV2JX
Flat White,4.2,4-C73UCJTBJPV2JX
Cappuccino,5.71,4-C73UCJTBJPV2JX
Iced Latte,6.32,4-C73UCJTBJPV2JX
Espresso,5.12,4-C73UCJTBJPV2JX
House Signature Dish,7.43,4-C73UCJTBJPV2JX
Taro Milk Tea (Set 2),4.78,4-C73UCJTBJPV2JX
Brown Sugar Boba Milk Tea (Set 2),6.48,4-C73UCJTBJPV2JX
Mala Hotpot Combo,4.74,4-C62WELE3SCAZGN
Spicy Mala Skewers,4.64,4-C62WELE3SCAZGN
Stir-fried Kailan,8.51,4-C62WELE3SCAZGN
Sweet & Sour Pork,8.21,4-C62WELE3SCAZGN
Steamed Fish with Ginger,6.62,4-C62WELE3SCAZGN
Yang Zhou Fried Rice,5.48,4-C62WELE3SCAZGN
Char Siew Rice,4.24,4-C62WELE3SCAZGN
Braised Pork Belly,4.38,4-C62WELE3SCAZGN
Mapo Tofu,4.23,4-C62WELE3SCAZGN
Salted Egg Prawns,4.54,4-C62WELE3SCAZGN
Char Siew Rice,7.65,4-CZKXC8LJGUTWET
Roast Duck Noodles,11.03,4-CZKXC8LJGUTWET
Sweet & Sour Pork,7.91,4-CZKXC8LJGUTWET
Hot & Sour Soup,12.29,4-CZKXC8LJGUTWET
Char Siew Platter,8.44,4-CZKXC8LJGUTWET
Salted Egg Prawns,8.46,4-CZKXC8LJGUTWET
Steamed Fish with Ginger,10.14,4-CZKXC8LJGUTWET
Mapo Tofu,7.67,4-CZKXC8LJGUTWET
Kung Pao Chicken,14.01,4-CZKXC8LJGUTWET
Stir-fried Kailan,9.38,4-CZKXC8LJGUTWET
Grilled Chicken Chop,12.79,4-C7NFCRAUEACCVJ
Fish & Chips,13.06,4-C7NFCRAUEACCVJ
Beef Steak,10.6,4-C7NFCRAUEACCVJ
Caesar Salad,13.46,4-C7NFCRAUEACCVJ
Mushroom Soup,9.73,4-C7NFCRAUEACCVJ
Roast Lamb Rack,14.34,4-C7NFCRAUEACCVJ
Hokkien Mee,13.48,4-C7NFCRAUEACCVJ
Mee Rebus,8.69,4-C7NFCRAUEACCVJ
Rendang,7.63,4-C7NFCRAUEACCVJ
Roast Lamb Rack (Set 2),14.86,4-C7NFCRAUEACCVJ
Steamed Fish with Ginger,8.37,4-C732DACULBWHJ2
Minced Meat Ban Mian,10.82,4-C732DACULBWHJ2
Sweet & Sour Pork,12.53,4-C732DACULBWHJ2
Char Siew Rice,13.95,4-C732DACULBWHJ2
Stir-fried Kailan,14.73,4-C732DACULBWHJ2
Braised Pork Belly,11.82,4-C732DACULBWHJ2
Hot & Sour Soup,10.89,4-C732DACULBWHJ2
Yang Zhou Fried Rice,11.95,4-C732DACULBWHJ2
Salted Egg Prawns,14.79,4-C732DACULBWHJ2
Mushroom Ban Mian,9.89,4-C732DACULBWHJ2
Char Siew Platter,7.9,4-CZKXC8LJGUTWET
Roasted Pork Belly,7.13,4-CZKXC8LJGUTWET
Roast Duck Noodles,14.76,4-CZKXC8LJGUTWET
Char Siew Rice,13.87,4-CZKXC8LJGUTWET
Steamed Fish with Ginger,8.67,4-CZKXC8LJGUTWET
Sweet & Sour Pork,12.19,4-CZKXC8LJGUTWET
Kung Pao Chicken,12.2,4-CZKXC8LJGUTWET
Stir-fried Kailan,10.49,4-CZKXC8LJGUTWET
Braised Pork Belly,12.01,4-CZKXC8LJGUTWET
Salted Egg Prawns,13.32,4-CZKXC8LJGUTWET
Grilled Chicken Chop,7.69,4-C7NFCRAUEACCVJ
Fish & Chips,13.16,4-C7NFCRAUEACCVJ
Beef Steak,8.19,4-C7NFCRAUEACCVJ
Caesar Salad,10.38,4-C7NFCRAUEACCVJ
Mushroom Soup,7.93,4-C7NFCRAUEACCVJ
Roast Lamb Rack,14.22,4-C7NFCRAUEACCVJ
Hokkien Mee,12.91,4-C7NFCRAUEACCVJ
Mee Rebus,10.56,4-C7NFCRAUEACCVJ
Rendang,10.88,4-C7NFCRAUEACCVJ
Today's Recommendation,7.16,4-C7NFCRAUEACCVJ
Hot & Sour Soup,12.04,4-C732DACULBWHJ2
Salted Egg Prawns,12.7,4-C732DACULBWHJ2
Yang Zhou Fried Rice,14.84,4-C732DACULBWHJ2
Minced Meat Ban Mian,13.79,4-C732DACULBWHJ2
Steamed Fish with Ginger,12.9,4-C732DACULBWHJ2
Char Siew Rice,11.77,4-C732DACULBWHJ2
Braised Pork Belly,11.43,4-C732DACULBWHJ2
Kung Pao Chicken,9.33,4-C732DACULBWHJ2
Mushroom Ban Mian,10.9,4-C732DACULBWHJ2
Stir-fried Kailan,10.89,4-C732DACULBWHJ2
Mee Rebus,9.14,4-C73BUFCZT8LZCT
Hot & Sour Soup,12.19,4-C73BUFCZT8LZCT
Sesame Noodles,14.11,4-C73BUFCZT8LZCT
Braised Pork Belly,7.94,4-C73BUFCZT8LZCT
Stir-fried Kailan,11.98,4-C73BUFCZT8LZCT
Beef Brisket Noodles,12.17,4-C73BUFCZT8LZCT
Char Siew Rice,10.59,4-C73BUFCZT8LZCT
Salted Egg Prawns,10.49,4-C73BUFCZT8LZCT
Mapo Tofu,8.29,4-C73BUFCZT8LZCT
Sweet & Sour Pork,12.81,4-C73BUFCZT8LZCT
Nasi Padang,10.5,4-C7DEGJTARN6WNJ
Beef Rendang,11.06,4-C7DEGJTARN6WNJ
Gado Gado,11.7,4-C7DEGJTARN6WNJ
Sate Ayam,12.48,4-C7DEGJTARN6WNJ
Club Sandwich,14.37,4-C7DEGJTARN6WNJ
Egg Mayo Sandwich,13.83,4-C7DEGJTARN6WNJ
Grilled Cheese Sandwich,12.72,4-C7DEGJTARN6WNJ
Tuna Sandwich,10.75,4-C7DEGJTARN6WNJ
Sate Ayam (Set 2),14.07,4-C7DEGJTARN6WNJ
Beef Rendang (Set 2),12.78,4-C7DEGJTARN6WNJ
Ready-to-eat Meal Box,8.03,4-C8AYT4MEA3DJTE
Soda Float,8.6,4-C8AYT4MEA3DJTE
Onigiri Rice Ball,11.85,4-C8AYT4MEA3DJTE
Iced Chrysanthemum Tea,7.81,4-C8AYT4MEA3DJTE
Fresh Produce Box,10.33,4-C8AYT4MEA3DJTE
Snack Bundle,14.95,4-C8AYT4MEA3DJTE
Household Essentials Pack,9.43,4-C8AYT4MEA3DJTE
Fresh Orange Juice,8.68,4-C8AYT4MEA3DJTE
Instant Noodles Pack,7.38,4-C8AYT4MEA3DJTE
Bottled Drink,7.15,4-C8AYT4MEA3DJTE
Stir-fried Kailan,4.57,4-C7MHC2EDN7NTCA
Mapo Tofu,5.13,4-C7MHC2EDN7NTCA
Wonton Mee,6.81,4-C7MHC2EDN7NTCA
Kung Pao Chicken,6.43,4-C7MHC2EDN7NTCA
Braised Beef Noodles,8.97,4-C7MHC2EDN7NTCA
Dry Mee Pok,7.92,4-C7MHC2EDN7NTCA
Braised Pork Belly,7.85,4-C7MHC2EDN7NTCA
Sweet & Sour Pork,7.85,4-C7MHC2EDN7NTCA
Fishball Noodles,6.79,4-C7MHC2EDN7NTCA
Yang Zhou Fried Rice,8.48,4-C7MHC2EDN7NTCA
Chocolate Sundae,6.54,4-CYWTRLKGCFWBNA
Caesar Salad,4.84,4-CYWTRLKGCFWBNA
Red Velvet Cake,4.59,4-CYWTRLKGCFWBNA
Grilled Chicken Chop,5.03,4-CYWTRLKGCFWBNA
Chendol,5.81,4-CYWTRLKGCFWBNA
Cheesecake,7.64,4-CYWTRLKGCFWBNA
Fish & Chips,7.54,4-CYWTRLKGCFWBNA
Chocolate Fudge Cake,7.81,4-CYWTRLKGCFWBNA
Tau Huay,6.49,4-CYWTRLKGCFWBNA
Carrot Cake,8.35,4-CYWTRLKGCFWBNA
Fresh Lime Juice,8.24,4-C76GL6N2T4NKNN
Iced Lemon Tea,6.2,4-C76GL6N2T4NKNN
Sugarcane Juice,6.08,4-C76GL6N2T4NKNN
House Signature Dish,7.85,4-C76GL6N2T4NKNN
Iced Lemon Tea (Set 2),5.23,4-C76GL6N2T4NKNN
Daily Special Set,8.05,4-C76GL6N2T4NKNN
Daily Special Set (Set 2),5.71,4-C76GL6N2T4NKNN
Sugarcane Juice (Set 2),6.53,4-C76GL6N2T4NKNN
House Signature Dish (Set 2),4.43,4-C76GL6N2T4NKNN
Chef's Special Combo,5.86,4-C76GL6N2T4NKNN
Mala Xiang Guo,7.94,4-C7J2DCMUVFV2G2
Mala Skewers,4.69,4-C7J2DCMUVFV2G2
Today's Recommendation,6.14,4-C7J2DCMUVFV2G2
Daily Special Set,8.59,4-C7J2DCMUVFV2G2
Mala Skewers (Set 2),8.49,4-C7J2DCMUVFV2G2
Mala Skewers (Set 2),8.76,4-C7J2DCMUVFV2G2
House Signature Dish,6.58,4-C7J2DCMUVFV2G2
House Signature Dish (Set 2),7.41,4-C7J2DCMUVFV2G2
Mala Xiang Guo (Set 2),8.72,4-C7J2DCMUVFV2G2
Today's Recommendation (Set 2),6.21,4-C7J2DCMUVFV2G2
Wonton Mee,9.71,4-C63BTPCUBACFT6
Dan Dan Noodles,10.21,4-C63BTPCUBACFT6
Braised Beef Noodles,13.18,4-C63BTPCUBACFT6
Prawn Noodle Soup,10.47,4-C63BTPCUBACFT6
Fishball Noodles,10.15,4-C63BTPCUBACFT6
Dry Mee Pok,7.3,4-C63BTPCUBACFT6
Chef's Special Combo,14.38,4-C63BTPCUBACFT6
Fishball Noodles (Set 2),8.21,4-C63BTPCUBACFT6
House Signature Dish,11.6,4-C63BTPCUBACFT6
House Signature Dish (Set 2),14.82,4-C63BTPCUBACFT6
Lo Mai Gai,8.14,4-C2VCN8E3EGJBUA
Salted Egg Prawns,8.5,4-C2VCN8E3EGJBUA
Egg Tarts,7.05,4-C2VCN8E3EGJBUA
Char Siew Bao,4.73,4-C2VCN8E3EGJBUA
Curry Puff,6.02,4-C2VCN8E3EGJBUA
Siew Mai Pork Dumplings,7.22,4-C2VCN8E3EGJBUA
Chee Cheong Fun,8.44,4-C2VCN8E3EGJBUA
Mapo Tofu,7.12,4-C2VCN8E3EGJBUA
Popiah,7.09,4-C2VCN8E3EGJBUA
Braised Pork Belly,6.21,4-C2VCN8E3EGJBUA
Grilled Chicken Chop,11.16,4-C72KRVD1RZBZPE
Fish & Chips,11.33,4-C72KRVD1RZBZPE
Popcorn Chicken,8.71,4-C72KRVD1RZBZPE
Korean Fried Chicken,11.09,4-C72KRVD1RZBZPE
Original Fried Chicken,9.5,4-C72KRVD1RZBZPE
Mushroom Soup,9.73,4-C72KRVD1RZBZPE
Beef Steak,12.09,4-C72KRVD1RZBZPE
Honey Glazed Wings,7.19,4-C72KRVD1RZBZPE
Spicy Fried Chicken,14.12,4-C72KRVD1RZBZPE
Roast Lamb Rack,11.32,4-C72KRVD1RZBZPE
Classic Milk Tea,8.93,4-C7MAG4AXEEVWCN
Brown Sugar Boba Milk Tea,4.55,4-C7MAG4AXEEVWCN
Taro Milk Tea,4.3,4-C7MAG4AXEEVWCN
Daily Special Set,5.86,4-C7MAG4AXEEVWCN
House Signature Dish,7.13,4-C7MAG4AXEEVWCN
Taro Milk Tea (Set 2),5.77,4-C7MAG4AXEEVWCN
Taro Milk Tea (Set 2),4.24,4-C7MAG4AXEEVWCN
Daily Special Set (Set 2),7.25,4-C7MAG4AXEEVWCN
Brown Sugar Boba Milk Tea (Set 2),4.62,4-C7MAG4AXEEVWCN
Today's Recommendation,5.49,4-C7MAG4AXEEVWCN
Instant Noodles Pack,14.91,4-C34VJRNKCY53AJ
Snack Bundle,11.52,4-C34VJRNKCY53AJ
Bottled Drink,14.15,4-C34VJRNKCY53AJ
Snack Bundle (Set 2),12.02,4-C34VJRNKCY53AJ
Chef's Special Combo,11.27,4-C34VJRNKCY53AJ
Today's Recommendation,11.76,4-C34VJRNKCY53AJ
Daily Special Set,9.8,4-C34VJRNKCY53AJ
House Signature Dish,9.28,4-C34VJRNKCY53AJ
Bottled Drink (Set 2),13.28,4-C34VJRNKCY53AJ
Snack Bundle (Set 2),12.72,4-C34VJRNKCY53AJ
Kung Pao Chicken,8.17,4-C8DHA33WVZKBLN
Char Siew Rice,10.41,4-C8DHA33WVZKBLN
Yang Zhou Fried Rice,10.3,4-C8DHA33WVZKBLN
Braised Pork Belly,7.74,4-C8DHA33WVZKBLN
Salted Egg Prawns,10.4,4-C8DHA33WVZKBLN
Steamed Fish with Ginger,8.04,4-C8DHA33WVZKBLN
Sweet & Sour Pork,8.72,4-C8DHA33WVZKBLN
Hot & Sour Soup,7.62,4-C8DHA33WVZKBLN
Mapo Tofu,12.41,4-C8DHA33WVZKBLN
Stir-fried Kailan,10.22,4-C8DHA33WVZKBLN
Braised Beef Noodles,14.79,4-C7JGRVA2JGMDWE
Prawn Noodle Soup,13.59,4-C7JGRVA2JGMDWE
Steamed Fish with Ginger,8.15,4-C7JGRVA2JGMDWE
Salted Egg Prawns,8.02,4-C7JGRVA2JGMDWE
Hot & Sour Soup,12.69,4-C7JGRVA2JGMDWE
Wonton Mee,8.04,4-C7JGRVA2JGMDWE
Char Siew Rice,12.64,4-C7JGRVA2JGMDWE
Dan Dan Noodles,13.91,4-C7JGRVA2JGMDWE
Stir-fried Kailan,7.94,4-C7JGRVA2JGMDWE
Mapo Tofu,8.7,4-C7JGRVA2JGMDWE
Earl Grey Tea,18.54,4-C3EAWGEBRATHR6
Braised Pork Belly,17.34,4-C3EAWGEBRATHR6
Brown Sugar Boba Milk Tea,20.84,4-C3EAWGEBRATHR6
Kung Pao Chicken,14.77,4-C3EAWGEBRATHR6
Stir-fried Kailan,17.57,4-C3EAWGEBRATHR6
Mapo Tofu,18.62,4-C3EAWGEBRATHR6
Sweet & Sour Pork,17.41,4-C3EAWGEBRATHR6
Char Siew Rice,13.42,4-C3EAWGEBRATHR6
Salted Egg Prawns,15.14,4-C3EAWGEBRATHR6
Oolong Tea,24.76,4-C3EAWGEBRATHR6
Nasi Padang,4.24,4-C4NDC2XZR4MURJ
Beef Rendang,8.47,4-C4NDC2XZR4MURJ
Gado Gado,8.45,4-C4NDC2XZR4MURJ
Sate Ayam,5.08,4-C4NDC2XZR4MURJ
Nasi Lemak with Fried Chicken,8.1,4-C4NDC2XZR4MURJ
Nasi Lemak with Sambal Sotong,6.44,4-C4NDC2XZR4MURJ
Egg Fried Rice,4.61,4-C4NDC2XZR4MURJ
Seafood Fried Rice,5.74,4-C4NDC2XZR4MURJ
Kimchi Fried Rice,8.35,4-C4NDC2XZR4MURJ
Gado Gado (Set 2),6.09,4-C4NDC2XZR4MURJ
Instant Noodles Pack,10.8,4-C2K1CUCJSCM3LN
Snack Bundle,12.76,4-C2K1CUCJSCM3LN
Bottled Drink,11.85,4-C2K1CUCJSCM3LN
Instant Noodles Pack (Set 2),13.1,4-C2K1CUCJSCM3LN
Daily Special Set,11.04,4-C2K1CUCJSCM3LN
Instant Noodles Pack (Set 2),10.69,4-C2K1CUCJSCM3LN
Today's Recommendation,10.6,4-C2K1CUCJSCM3LN
Daily Special Set (Set 2),10.59,4-C2K1CUCJSCM3LN
Bottled Drink (Set 2),13.93,4-C2K1CUCJSCM3LN
Today's Recommendation (Set 2),9.6,4-C2K1CUCJSCM3LN
Chicken Burrito,14.66,4-C34TLVNVNXXEAJ
Beef Tacos,14.12,4-C34TLVNVNXXEAJ
Nachos Supreme,12.89,4-C34TLVNVNXXEAJ
Quesadilla,12.17,4-C34TLVNVNXXEAJ
Nachos Supreme (Set 2),13.93,4-C34TLVNVNXXEAJ
Nachos Supreme (Set 2),12.66,4-C34TLVNVNXXEAJ
Today's Recommendation,11.58,4-C34TLVNVNXXEAJ
Nachos Supreme (Set 2),13.37,4-C34TLVNVNXXEAJ
Beef Tacos (Set 2),12.66,4-C34TLVNVNXXEAJ
Chef's Special Combo,11.49,4-C34TLVNVNXXEAJ
California Roll,11.02,4-C2LBLPVGJPDHNJ
Salmon Teriyaki Bento,7.15,4-C2LBLPVGJPDHNJ
Tempura Bento,12.27,4-C2LBLPVGJPDHNJ
Chicken Katsu Bento,11.25,4-C2LBLPVGJPDHNJ
Teriyaki Chicken Rice Bowl,14.7,4-C2LBLPVGJPDHNJ
Beef Don,9.2,4-C2LBLPVGJPDHNJ
Salmon Sashimi,8.65,4-C2LBLPVGJPDHNJ
Chicken Katsu,13.64,4-C2LBLPVGJPDHNJ
Tempura Udon,13.71,4-C2LBLPVGJPDHNJ
Salmon Poke Bowl,11.64,4-C2LBLPVGJPDHNJ
Flat White,5.7,4-C74AN26XAJ6CRT
Cappuccino,4.9,4-C74AN26XAJ6CRT
Iced Latte,4.12,4-C74AN26XAJ6CRT
Espresso,6.64,4-C74AN26XAJ6CRT
House Signature Dish,5.91,4-C74AN26XAJ6CRT
Cappuccino (Set 2),4.46,4-C74AN26XAJ6CRT
Iced Latte (Set 2),8.9,4-C74AN26XAJ6CRT
Chef's Special Combo,6.71,4-C74AN26XAJ6CRT
Espresso (Set 2),5.43,4-C74AN26XAJ6CRT
Chef's Special Combo (Set 2),4.91,4-C74AN26XAJ6CRT
Fresh Produce Box,9.45,4-C7E1ECAFN3LGCE
Household Essentials Pack,10.26,4-C7E1ECAFN3LGCE
Instant Noodles Pack,8.35,4-C7E1ECAFN3LGCE
Snack Bundle,11.92,4-C7E1ECAFN3LGCE
Bottled Drink,9.6,4-C7E1ECAFN3LGCE
Fresh Orange Juice,7.22,4-C7E1ECAFN3LGCE
Iced Chrysanthemum Tea,7.47,4-C7E1ECAFN3LGCE
Soda Float,10.12,4-C7E1ECAFN3LGCE
House Signature Dish,9.56,4-C7E1ECAFN3LGCE
Daily Special Set,10.3,4-C7E1ECAFN3LGCE
Butter Chicken,9.06,4-C62XARKHEFBVEX
Chicken Tikka Masala,14.53,4-C62XARKHEFBVEX
Palak Paneer,14.2,4-C62XARKHEFBVEX
Chana Masala,7.42,4-C62XARKHEFBVEX
Nasi Lemak with Fried Chicken,8.92,4-C62XARKHEFBVEX
Nasi Lemak with Sambal Sotong,11.78,4-C62XARKHEFBVEX
Chicken Biryani,8.89,4-C62XARKHEFBVEX
Mutton Biryani,11.07,4-C62XARKHEFBVEX
Vegetable Biryani,11.04,4-C62XARKHEFBVEX
Chicken Tikka Masala (Set 2),14.59,4-C62XARKHEFBVEX
Grilled Chicken Chop,12.07,4-C7XKAUWCFB23BE
Chicken Burrito,14.31,4-C7XKAUWCFB23BE
Fish & Chips,7.15,4-C7XKAUWCFB23BE
Quesadilla,11.43,4-C7XKAUWCFB23BE
Roast Lamb Rack,11.69,4-C7XKAUWCFB23BE
Beef Steak,7.81,4-C7XKAUWCFB23BE
Mushroom Soup,13.1,4-C7XKAUWCFB23BE
Beef Tacos,12.21,4-C7XKAUWCFB23BE
Caesar Salad,8.0,4-C7XKAUWCFB23BE
Nachos Supreme,11.55,4-C7XKAUWCFB23BE
Flat White,6.69,4-CY2VEPXTRKWVCE
Char Kway Teow,6.12,4-CY2VEPXTRKWVCE
Espresso,8.56,4-CY2VEPXTRKWVCE
Cappuccino,6.26,4-CY2VEPXTRKWVCE
Satay Skewers,4.01,4-CY2VEPXTRKWVCE
Roti Canai,6.32,4-CY2VEPXTRKWVCE
Iced Lemon Tea,8.15,4-CY2VEPXTRKWVCE
Fresh Lime Juice,5.45,4-CY2VEPXTRKWVCE
Oolong Tea,8.86,4-CY2VEPXTRKWVCE
Earl Grey Tea,4.0,4-CY2VEPXTRKWVCE
Hot & Sour Soup,7.36,4-C73AC8BHNYM2TT
Steamed Fish with Ginger,12.91,4-C73AC8BHNYM2TT
Salted Egg Prawns,11.5,4-C73AC8BHNYM2TT
Spicy Peanut Noodles,9.41,4-C73AC8BHNYM2TT
Char Siew Rice,10.16,4-C73AC8BHNYM2TT
Mapo Tofu,7.98,4-C73AC8BHNYM2TT
Yang Zhou Fried Rice,8.12,4-C73AC8BHNYM2TT
Hand-Pulled Noodles,11.45,4-C73AC8BHNYM2TT
Sesame Noodles,9.24,4-C73AC8BHNYM2TT
Kung Pao Chicken,10.46,4-C73AC8BHNYM2TT
Herbal Chicken Soup,8.92,4-C3XAR3JEGBKHRN
Chicken Cutlet,5.71,4-C3XAR3JEGBKHRN
Sesame Chicken,6.3,4-C3XAR3JEGBKHRN
Mapo Tofu,7.0,4-C3XAR3JEGBKHRN
Grilled Chicken Thigh,4.08,4-C3XAR3JEGBKHRN
Steamed Fish with Ginger,7.46,4-C3XAR3JEGBKHRN
Hot & Sour Soup,7.23,4-C3XAR3JEGBKHRN
Bak Kut Teh,4.01,4-C3XAR3JEGBKHRN
Yang Zhou Fried Rice,6.38,4-C3XAR3JEGBKHRN
Sweet Corn Soup,8.51,4-C3XAR3JEGBKHRN
Mapo Tofu,6.69,4-C7CXSAUTTJAXAX
Wonton Mee,8.46,4-C7CXSAUTTJAXAX
Braised Beef Noodles,8.08,4-C7CXSAUTTJAXAX
Sesame Chicken,6.23,4-C7CXSAUTTJAXAX
Stir-fried Kailan,4.62,4-C7CXSAUTTJAXAX
Sweet & Sour Pork,8.86,4-C7CXSAUTTJAXAX
Prawn Noodle Soup,5.88,4-C7CXSAUTTJAXAX
Grilled Chicken Thigh,7.01,4-C7CXSAUTTJAXAX
Chicken Cutlet,5.93,4-C7CXSAUTTJAXAX
Fishball Noodles,8.2,4-C7CXSAUTTJAXAX
Kimchi Jjigae,7.4,4-C7EELTNUKEMGPE
Tteokbokki,7.55,4-C7EELTNUKEMGPE
Beef Bibimbap,4.96,4-C7EELTNUKEMGPE
Bulgogi Beef,8.08,4-C7EELTNUKEMGPE
Vegetable Bibimbap,7.13,4-C7EELTNUKEMGPE
Korean Fried Chicken,8.04,4-C7EELTNUKEMGPE
Spicy Bibimbap,5.11,4-C7EELTNUKEMGPE
Chicken Katsu Bento,8.9,4-C7EELTNUKEMGPE
Tempura Bento,8.84,4-C7EELTNUKEMGPE
Salmon Teriyaki Bento,4.18,4-C7EELTNUKEMGPE
Beef Bibimbap,6.76,4-C7EELTNUKEMGPE
Korean Fried Chicken,7.3,4-C7EELTNUKEMGPE
Kimchi Jjigae,6.83,4-C7EELTNUKEMGPE
Tteokbokki,7.41,4-C7EELTNUKEMGPE
Salmon Teriyaki Bento,6.83,4-C7EELTNUKEMGPE
Vegetable Bibimbap,4.33,4-C7EELTNUKEMGPE
Spicy Bibimbap,4.64,4-C7EELTNUKEMGPE
Tempura Bento,4.33,4-C7EELTNUKEMGPE
Bulgogi Beef,5.3,4-C7EELTNUKEMGPE
Chicken Katsu Bento,6.85,4-C7EELTNUKEMGPE
Salmon Sashimi,13.03,4-C8ABLKNWPEVHLA
California Roll,19.41,4-C8ABLKNWPEVHLA
Chicken Katsu,23.1,4-C8ABLKNWPEVHLA
Tempura Udon,22.75,4-C8ABLKNWPEVHLA
Today's Recommendation,25.81,4-C8ABLKNWPEVHLA
Salmon Sashimi (Set 2),17.84,4-C8ABLKNWPEVHLA
Today's Recommendation (Set 2),25.67,4-C8ABLKNWPEVHLA
Chef's Special Combo,19.1,4-C8ABLKNWPEVHLA
Salmon Sashimi (Set 2),14.83,4-C8ABLKNWPEVHLA
Tempura Udon (Set 2),20.77,4-C8ABLKNWPEVHLA
Truffle Mushroom Pasta,9.53,4-C8B3G7BYRENWNJ
Aglio Olio,10.13,4-C8B3G7BYRENWNJ
Grilled Chicken Chop,9.68,4-C8B3G7BYRENWNJ
Butter Chicken,14.04,4-C8B3G7BYRENWNJ
Chana Masala,13.46,4-C8B3G7BYRENWNJ
Beef Steak,14.92,4-C8B3G7BYRENWNJ
Carbonara,8.81,4-C8B3G7BYRENWNJ
Fish & Chips,12.52,4-C8B3G7BYRENWNJ
Roast Lamb Rack,14.66,4-C8B3G7BYRENWNJ
Bolognese Spaghetti,14.34,4-C8B3G7BYRENWNJ
Chana Masala,11.74,4-C7TUBACBN3TTJE
Palak Paneer,12.01,4-C7TUBACBN3TTJE
Mutton Biryani,9.67,4-C7TUBACBN3TTJE
Chicken Biryani,9.0,4-C7TUBACBN3TTJE
Chicken Tikka Masala,7.86,4-C7TUBACBN3TTJE
Mutton Curry,8.91,4-C7TUBACBN3TTJE
Butter Chicken,9.73,4-C7TUBACBN3TTJE
Kimchi Fried Rice,7.44,4-C7TUBACBN3TTJE
Egg Fried Rice,9.67,4-C7TUBACBN3TTJE
Vegetable Biryani,13.35,4-C7TUBACBN3TTJE
Roast Duck Rice,4.43,4-C6VXKFKKFA3TR2
Roast Duck Noodles,4.3,4-C6VXKFKKFA3TR2
Chicken Katsu Bento,4.17,4-C6VXKFKKFA3TR2
Salmon Teriyaki Bento,5.57,4-C6VXKFKKFA3TR2
Tempura Bento,8.24,4-C6VXKFKKFA3TR2
House Signature Dish,4.33,4-C6VXKFKKFA3TR2
Salmon Teriyaki Bento (Set 2),4.64,4-C6VXKFKKFA3TR2
House Signature Dish (Set 2),8.6,4-C6VXKFKKFA3TR2
Salmon Teriyaki Bento (Set 2),6.21,4-C6VXKFKKFA3TR2
House Signature Dish (Set 2),5.51,4-C6VXKFKKFA3TR2
Chef's Special Combo,13.8,4-C7WUMGAWL6LETJ
House Signature Dish,10.21,4-C7WUMGAWL6LETJ
Daily Special Set,11.94,4-C7WUMGAWL6LETJ
Today's Recommendation,10.29,4-C7WUMGAWL6LETJ
Daily Special Set (Set 2),13.92,4-C7WUMGAWL6LETJ
House Signature Dish (Set 2),13.3,4-C7WUMGAWL6LETJ
House Signature Dish (Set 2),11.99,4-C7WUMGAWL6LETJ
Chef's Special Combo (Set 2),10.63,4-C7WUMGAWL6LETJ
Chef's Special Combo (Set 2),10.71,4-C7WUMGAWL6LETJ
Chef's Special Combo (Set 2),10.42,4-C7WUMGAWL6LETJ
Flat White,7.86,4-C6MYSGKCR8KVTJ
Espresso,7.1,4-C6MYSGKCR8KVTJ
Fish & Chips,12.71,4-C6MYSGKCR8KVTJ
Roast Lamb Rack,11.74,4-C6MYSGKCR8KVTJ
Grilled Chicken Chop,13.73,4-C6MYSGKCR8KVTJ
Matcha Ice Cream,14.23,4-C6MYSGKCR8KVTJ
Mushroom Soup,8.01,4-C6MYSGKCR8KVTJ
Beef Steak,11.07,4-C6MYSGKCR8KVTJ
Vanilla Bean Ice Cream,9.84,4-C6MYSGKCR8KVTJ
Cappuccino,10.85,4-C6MYSGKCR8KVTJ
Chicken Biryani,4.69,4-C6WXE75GDFKTBE
Mutton Biryani,4.22,4-C6WXE75GDFKTBE
Vegetable Biryani,4.64,4-C6WXE75GDFKTBE
Fish Head Curry,6.92,4-C6WXE75GDFKTBE
Mutton Curry,6.57,4-C6WXE75GDFKTBE
Vegetable Curry,7.26,4-C6WXE75GDFKTBE
Vegetable Curry (Set 2),5.79,4-C6WXE75GDFKTBE
Fish Head Curry (Set 2),6.92,4-C6WXE75GDFKTBE
Daily Special Set,6.71,4-C6WXE75GDFKTBE
Today's Recommendation,4.73,4-C6WXE75GDFKTBE
Mango Sticky Rice,40.53,4-C7TWVNTCSANTVE
Chendol,44.73,4-C7TWVNTCSANTVE
Ice Kacang,29.34,4-C7TWVNTCSANTVE
Tau Huay,32.12,4-C7TWVNTCSANTVE
Tau Huay (Set 2),49.58,4-C7TWVNTCSANTVE
Mango Sticky Rice (Set 2),41.78,4-C7TWVNTCSANTVE
Chendol (Set 2),26.64,4-C7TWVNTCSANTVE
Mango Sticky Rice (Set 2),35.31,4-C7TWVNTCSANTVE
Chendol (Set 2),54.3,4-C7TWVNTCSANTVE
Chef's Special Combo,44.22,4-C7TWVNTCSANTVE
Yang Zhou Fried Rice,7.08,4-C7UWSBMJFBABUE
Sweet & Sour Pork,6.09,4-C7UWSBMJFBABUE
Mapo Tofu,4.81,4-C7UWSBMJFBABUE
Stir-fried Kailan,6.27,4-C7UWSBMJFBABUE
Hot & Sour Soup,7.95,4-C7UWSBMJFBABUE
Salted Egg Prawns,4.21,4-C7UWSBMJFBABUE
Steamed Fish with Ginger,5.1,4-C7UWSBMJFBABUE
Kung Pao Chicken,4.02,4-C7UWSBMJFBABUE
Char Siew Rice,5.12,4-C7UWSBMJFBABUE
Braised Pork Belly,5.15,4-C7UWSBMJFBABUE
Butter Chicken,10.2,4-C7EJFGCBSB3YRX
Chicken Tikka Masala,13.61,4-C7EJFGCBSB3YRX
Palak Paneer,7.05,4-C7EJFGCBSB3YRX
Chana Masala,7.08,4-C7EJFGCBSB3YRX
Today's Recommendation,9.86,4-C7EJFGCBSB3YRX
Today's Recommendation (Set 2),11.44,4-C7EJFGCBSB3YRX
Chana Masala (Set 2),8.14,4-C7EJFGCBSB3YRX
Chicken Tikka Masala (Set 2),10.52,4-C7EJFGCBSB3YRX
Palak Paneer (Set 2),12.05,4-C7EJFGCBSB3YRX
Today's Recommendation (Set 2),14.3,4-C7EJFGCBSB3YRX
Instant Noodles Pack,8.75,SGDD10294
Snack Bundle,9.1,SGDD10294
Bottled Drink,8.39,SGDD10294
Daily Special Set,13.78,SGDD10294
Chef's Special Combo,8.97,SGDD10294
Chef's Special Combo (Set 2),8.57,SGDD10294
House Signature Dish,8.41,SGDD10294
House Signature Dish (Set 2),9.09,SGDD10294
Daily Special Set (Set 2),7.81,SGDD10294
House Signature Dish (Set 2),13.65,SGDD10294
Palak Paneer,13.48,4-C7UJJJDFVPBDTT
Vegetable Biryani,12.29,4-C7UJJJDFVPBDTT
Butter Naan,14.53,4-C7UJJJDFVPBDTT
Chicken Tikka Masala,14.82,4-C7UJJJDFVPBDTT
Mutton Biryani,14.98,4-C7UJJJDFVPBDTT
Chana Masala,14.05,4-C7UJJJDFVPBDTT
Cheese Naan,14.03,4-C7UJJJDFVPBDTT
Fish Head Curry,7.52,4-C7UJJJDFVPBDTT
Vegetable Curry,8.16,4-C7UJJJDFVPBDTT
Garlic Naan,14.39,4-C7UJJJDFVPBDTT
Mala Hotpot Combo,8.61,4-C7NUJGJGEZBDEE
Yang Zhou Fried Rice,7.82,4-C7NUJGJGEZBDEE
Spicy Mala Skewers,6.94,4-C7NUJGJGEZBDEE
Stir-fried Kailan,8.27,4-C7NUJGJGEZBDEE
Char Siew Rice,5.47,4-C7NUJGJGEZBDEE
Mapo Tofu,4.74,4-C7NUJGJGEZBDEE
Mala Xiang Guo,5.24,4-C7NUJGJGEZBDEE
Steamed Fish with Ginger,7.15,4-C7NUJGJGEZBDEE
Mala Skewers,5.4,4-C7NUJGJGEZBDEE
Sweet & Sour Pork,4.63,4-C7NUJGJGEZBDEE
Tom Yum Soup,8.84,4-C7WBELDAJNBYE2
Green Curry Chicken,8.43,4-C7WBELDAJNBYE2
Mango Sticky Rice,5.05,4-C7WBELDAJNBYE2
Pad Thai Chicken,4.41,4-C7WBELDAJNBYE2
Pad Thai Prawn,6.35,4-C7WBELDAJNBYE2
Vegetarian Pad Thai,7.32,4-C7WBELDAJNBYE2
Egg Fried Rice,4.32,4-C7WBELDAJNBYE2
Seafood Fried Rice,6.54,4-C7WBELDAJNBYE2
Kimchi Fried Rice,7.76,4-C7WBELDAJNBYE2
Pad Thai Prawn (Set 2),7.23,4-C7WBELDAJNBYE2
Chef's Special Combo,11.2,4-C3NTTFWKATV1GE
House Signature Dish,10.87,4-C3NTTFWKATV1GE
Daily Special Set,14.65,4-C3NTTFWKATV1GE
Today's Recommendation,10.79,4-C3NTTFWKATV1GE
House Signature Dish (Set 2),11.65,4-C3NTTFWKATV1GE
Today's Recommendation (Set 2),12.1,4-C3NTTFWKATV1GE
Today's Recommendation (Set 2),13.32,4-C3NTTFWKATV1GE
Daily Special Set (Set 2),12.2,4-C3NTTFWKATV1GE
House Signature Dish (Set 2),8.66,4-C3NTTFWKATV1GE
House Signature Dish (Set 2),14.16,4-C3NTTFWKATV1GE
Hot & Sour Soup,5.27,4-C7WVHGKELBVEJJ
Yang Zhou Fried Rice,4.42,4-C7WVHGKELBVEJJ
Char Siew Rice,7.76,4-C7WVHGKELBVEJJ
Ban Mian with Anchovies,5.48,4-C7WVHGKELBVEJJ
Steamed Fish with Ginger,6.59,4-C7WVHGKELBVEJJ
Minced Meat Ban Mian,5.15,4-C7WVHGKELBVEJJ
Salted Egg Prawns,4.21,4-C7WVHGKELBVEJJ
Stir-fried Kailan,6.56,4-C7WVHGKELBVEJJ
Sweet & Sour Pork,5.68,4-C7WVHGKELBVEJJ
Kung Pao Chicken,6.26,4-C7WVHGKELBVEJJ
Tom Yum Soup,5.59,4-C7VWRZLZNXKYLT
Green Curry Chicken,5.91,4-C7VWRZLZNXKYLT
Mango Sticky Rice,4.9,4-C7VWRZLZNXKYLT
Pad Thai Chicken,5.17,4-C7VWRZLZNXKYLT
Pad Thai Prawn,7.23,4-C7VWRZLZNXKYLT
Vegetarian Pad Thai,5.8,4-C7VWRZLZNXKYLT
Mango Sticky Rice (Set 2),4.41,4-C7VWRZLZNXKYLT
Mango Sticky Rice (Set 2),8.21,4-C7VWRZLZNXKYLT
Green Curry Chicken (Set 2),6.56,4-C7VWRZLZNXKYLT
Pad Thai Chicken (Set 2),7.22,4-C7VWRZLZNXKYLT
Espresso,5.67,4-C6NKN761JEMKWA
Mushroom Soup,7.38,4-C6NKN761JEMKWA
Caesar Salad,5.25,4-C6NKN761JEMKWA
Fish & Chips,7.73,4-C6NKN761JEMKWA
Flat White,7.84,4-C6NKN761JEMKWA
Earl Grey Tea,8.23,4-C6NKN761JEMKWA
Beef Steak,4.95,4-C6NKN761JEMKWA
Grilled Chicken Chop,7.02,4-C6NKN761JEMKWA
Iced Latte,4.69,4-C6NKN761JEMKWA
Oolong Tea,8.27,4-C6NKN761JEMKWA
Palak Paneer,13.57,4-C73WV2JKAFCABE
Chana Masala,13.06,4-C73WV2JKAFCABE
Chocolate Sundae,7.1,4-C73WV2JKAFCABE
Fresh Produce Box,12.23,4-C73WV2JKAFCABE
Mango Sticky Rice,14.91,4-C73WV2JKAFCABE
Butter Chicken,14.61,4-C73WV2JKAFCABE
Ice Kacang,13.92,4-C73WV2JKAFCABE
Vanilla Bean Ice Cream,8.82,4-C73WV2JKAFCABE
Tau Huay,12.79,4-C73WV2JKAFCABE
Matcha Ice Cream,8.68,4-C73WV2JKAFCABE
Chef's Special Combo,13.77,4-C7VVEA4KGCN3GX
House Signature Dish,10.43,4-C7VVEA4KGCN3GX
Daily Special Set,14.54,4-C7VVEA4KGCN3GX
Today's Recommendation,10.34,4-C7VVEA4KGCN3GX
Today's Recommendation (Set 2),10.51,4-C7VVEA4KGCN3GX
Today's Recommendation (Set 2),13.82,4-C7VVEA4KGCN3GX
Today's Recommendation (Set 2),7.24,4-C7VVEA4KGCN3GX
House Signature Dish (Set 2),8.11,4-C7VVEA4KGCN3GX
House Signature Dish (Set 2),13.99,4-C7VVEA4KGCN3GX
House Signature Dish (Set 2),9.44,4-C7VVEA4KGCN3GX
Chef's Special Combo,10.41,4-C8DUVZLYEZEZAN
House Signature Dish,13.02,4-C8DUVZLYEZEZAN
Daily Special Set,13.1,4-C8DUVZLYEZEZAN
Today's Recommendation,12.52,4-C8DUVZLYEZEZAN
Chef's Special Combo (Set 2),9.4,4-C8DUVZLYEZEZAN
Today's Recommendation (Set 2),11.7,4-C8DUVZLYEZEZAN
House Signature Dish (Set 2),11.54,4-C8DUVZLYEZEZAN
House Signature Dish (Set 2),7.26,4-C8DUVZLYEZEZAN
Today's Recommendation (Set 2),8.11,4-C8DUVZLYEZEZAN
Daily Special Set (Set 2),14.82,4-C8DUVZLYEZEZAN
Egg Fried Rice,11.28,4-C2VKJ3UHCGJETJ
Dry Mee Pok,8.51,4-C2VKJ3UHCGJETJ
Miso Ramen,7.87,4-C2VKJ3UHCGJETJ
Tonkotsu Ramen,11.56,4-C2VKJ3UHCGJETJ
Shoyu Ramen,10.61,4-C2VKJ3UHCGJETJ
Kimchi Fried Rice,14.16,4-C2VKJ3UHCGJETJ
Fishball Noodles,7.75,4-C2VKJ3UHCGJETJ
Char Siew Rice,7.83,4-C2VKJ3UHCGJETJ
Braised Beef Noodles,11.42,4-C2VKJ3UHCGJETJ
Sweet & Sour Pork,7.26,4-C2VKJ3UHCGJETJ
Nasi Lemak,4.93,4-C62YNTJGTYKKN2
Char Kway Teow,4.35,4-C62YNTJGTYKKN2
Roti Canai,8.81,4-C62YNTJGTYKKN2
Satay Skewers,5.42,4-C62YNTJGTYKKN2
Fresh Lime Juice,5.17,4-C62YNTJGTYKKN2
Iced Lemon Tea,7.3,4-C62YNTJGTYKKN2
Sugarcane Juice,4.35,4-C62YNTJGTYKKN2
Iced Lemon Tea (Set 2),4.29,4-C62YNTJGTYKKN2
Satay Skewers (Set 2),6.59,4-C62YNTJGTYKKN2
Chef's Special Combo,4.86,4-C62YNTJGTYKKN2
Char Siew Rice,14.64,4-C7TFGBKJVVK1UE
Combo Roast Meat Rice,13.93,4-C7TFGBKJVVK1UE
Kung Pao Chicken,8.04,4-C7TFGBKJVVK1UE
Sweet & Sour Pork,8.65,4-C7TFGBKJVVK1UE
Char Siew Platter,10.46,4-C7TFGBKJVVK1UE
Roasted Pork Belly,12.68,4-C7TFGBKJVVK1UE
Yang Zhou Fried Rice,10.8,4-C7TFGBKJVVK1UE
Mapo Tofu,11.83,4-C7TFGBKJVVK1UE
Braised Pork Belly,14.51,4-C7TFGBKJVVK1UE
Hot & Sour Soup,11.7,4-C7TFGBKJVVK1UE
Nasi Lemak,9.2,4-C6MJAZJKTAVJVX
Char Kway Teow,7.06,4-C6MJAZJKTAVJVX
Roti Canai,8.14,4-C6MJAZJKTAVJVX
Satay Skewers,7.51,4-C6MJAZJKTAVJVX
Fresh Lime Juice,10.19,4-C6MJAZJKTAVJVX
Iced Lemon Tea,13.46,4-C6MJAZJKTAVJVX
Sugarcane Juice,11.21,4-C6MJAZJKTAVJVX
Fresh Lime Juice (Set 2),14.28,4-C6MJAZJKTAVJVX
Sugarcane Juice (Set 2),14.03,4-C6MJAZJKTAVJVX
Satay Skewers (Set 2),10.68,4-C6MJAZJKTAVJVX
Chef's Special Combo,5.96,4-C66YGUMZUAC2A2
House Signature Dish,8.12,4-C66YGUMZUAC2A2
Daily Special Set,8.25,4-C66YGUMZUAC2A2
Today's Recommendation,6.08,4-C66YGUMZUAC2A2
Chef's Special Combo (Set 2),4.9,4-C66YGUMZUAC2A2
House Signature Dish (Set 2),7.09,4-C66YGUMZUAC2A2
Chef's Special Combo (Set 2),6.16,4-C66YGUMZUAC2A2
Today's Recommendation (Set 2),5.92,4-C66YGUMZUAC2A2
House Signature Dish (Set 2),7.3,4-C66YGUMZUAC2A2
Chef's Special Combo (Set 2),7.49,4-C66YGUMZUAC2A2
Nasi Padang,8.92,4-C6WXENXDMACUEN
Beef Rendang,13.96,4-C6WXENXDMACUEN
Gado Gado,9.19,4-C6WXENXDMACUEN
Sate Ayam,12.02,4-C6WXENXDMACUEN
BBQ Pork Ribs,9.34,4-C6WXENXDMACUEN
Grilled Satay Platter,14.33,4-C6WXENXDMACUEN
BBQ Chicken Wings,12.58,4-C6WXENXDMACUEN
House Signature Dish,12.78,4-C6WXENXDMACUEN
Gado Gado (Set 2),8.74,4-C6WXENXDMACUEN
Chef's Special Combo,10.95,4-C6WXENXDMACUEN
Nasi Lemak,7.78,4-CZAHVBDHT2DBCA
Char Kway Teow,6.52,4-CZAHVBDHT2DBCA
Roti Canai,7.9,4-CZAHVBDHT2DBCA
Satay Skewers,6.05,4-CZAHVBDHT2DBCA
Nasi Lemak with Fried Chicken,4.82,4-CZAHVBDHT2DBCA
Nasi Lemak with Sambal Sotong,5.04,4-CZAHVBDHT2DBCA
Nasi Lemak with Fried Chicken (Set 2),4.22,4-CZAHVBDHT2DBCA
House Signature Dish,4.13,4-CZAHVBDHT2DBCA
Char Kway Teow (Set 2),7.19,4-CZAHVBDHT2DBCA
House Signature Dish (Set 2),7.38,4-CZAHVBDHT2DBCA
Nasi Lemak,10.05,4-CYNTLZKTTY4TC2
Char Kway Teow,12.97,4-CYNTLZKTTY4TC2
Roti Canai,13.85,4-CYNTLZKTTY4TC2
Satay Skewers,10.17,4-CYNTLZKTTY4TC2
Chili Crab,7.09,4-CYNTLZKTTY4TC2
Grilled Prawns,7.92,4-CYNTLZKTTY4TC2
Salt & Pepper Squid,14.34,4-CYNTLZKTTY4TC2
Black Pepper Crab,9.62,4-CYNTLZKTTY4TC2
Salted Egg Crab,12.99,4-CYNTLZKTTY4TC2
Satay Skewers (Set 2),10.88,4-CYNTLZKTTY4TC2
Nasi Lemak,7.57,4-CZAHVBDHT2DBCA
Char Kway Teow,6.19,4-CZAHVBDHT2DBCA
Roti Canai,6.35,4-CZAHVBDHT2DBCA
Satay Skewers,5.4,4-CZAHVBDHT2DBCA
Nasi Lemak with Fried Chicken,4.81,4-CZAHVBDHT2DBCA
Nasi Lemak with Sambal Sotong,8.19,4-CZAHVBDHT2DBCA
House Signature Dish,7.03,4-CZAHVBDHT2DBCA
House Signature Dish (Set 2),4.89,4-CZAHVBDHT2DBCA
Nasi Lemak with Fried Chicken (Set 2),4.62,4-CZAHVBDHT2DBCA
Today's Recommendation,7.71,4-CZAHVBDHT2DBCA
Nasi Lemak,7.62,4-CYNTLZKTTY4TC2
Char Kway Teow,13.11,4-CYNTLZKTTY4TC2
Roti Canai,12.42,4-CYNTLZKTTY4TC2
Satay Skewers,8.23,4-CYNTLZKTTY4TC2
Chili Crab,9.86,4-CYNTLZKTTY4TC2
Grilled Prawns,8.73,4-CYNTLZKTTY4TC2
Salt & Pepper Squid,7.28,4-CYNTLZKTTY4TC2
Black Pepper Crab,12.4,4-CYNTLZKTTY4TC2
Salted Egg Crab,8.73,4-CYNTLZKTTY4TC2
Daily Special Set,12.57,4-CYNTLZKTTY4TC2
Butter Chicken,7.31,SGDD06650
Chicken Tikka Masala,7.3,SGDD06650
Palak Paneer,4.51,SGDD06650
Chana Masala,7.45,SGDD06650
Fish Head Curry,6.22,SGDD06650
Mutton Curry,6.99,SGDD06650
Vegetable Curry,4.24,SGDD06650
Vegetable Curry (Set 2),5.89,SGDD06650
Fish Head Curry (Set 2),5.01,SGDD06650
Vegetable Curry (Set 2),5.25,SGDD06650
Caesar Salad,8.76,4-C2MVNZCGL6NXNX
Tau Huay,14.06,4-C2MVNZCGL6NXNX
Fish & Chips,13.38,4-C2MVNZCGL6NXNX
Grilled Chicken Chop,13.64,4-C2MVNZCGL6NXNX
Vanilla Bean Ice Cream,8.34,4-C2MVNZCGL6NXNX
Mango Sticky Rice,8.34,4-C2MVNZCGL6NXNX
Matcha Ice Cream,10.33,4-C2MVNZCGL6NXNX
Beef Steak,7.86,4-C2MVNZCGL6NXNX
Chendol,9.62,4-C2MVNZCGL6NXNX
Chocolate Sundae,11.5,4-C2MVNZCGL6NXNX
Nasi Lemak,8.71,4-C7EZHAJDJ7KDTJ
Char Kway Teow,9.85,4-C7EZHAJDJ7KDTJ
Roti Canai,8.39,4-C7EZHAJDJ7KDTJ
Satay Skewers,10.22,4-C7EZHAJDJ7KDTJ
Today's Recommendation,9.53,4-C7EZHAJDJ7KDTJ
Today's Recommendation (Set 2),10.11,4-C7EZHAJDJ7KDTJ
Roti Canai (Set 2),10.67,4-C7EZHAJDJ7KDTJ
Roti Canai (Set 2),7.53,4-C7EZHAJDJ7KDTJ
House Signature Dish,13.52,4-C7EZHAJDJ7KDTJ
Today's Recommendation (Set 2),12.2,4-C7EZHAJDJ7KDTJ
Mapo Tofu,8.8,4-CZD2ETDCECA2JX
Braised Pork Belly,7.0,4-CZD2ETDCECA2JX
Sweet & Sour Pork,8.91,4-CZD2ETDCECA2JX
Hot & Sour Soup,7.48,4-CZD2ETDCECA2JX
Yang Zhou Fried Rice,7.39,4-CZD2ETDCECA2JX
Kung Pao Chicken,8.86,4-CZD2ETDCECA2JX
Salted Egg Prawns,7.47,4-CZD2ETDCECA2JX
Stir-fried Kailan,5.66,4-CZD2ETDCECA2JX
Steamed Fish with Ginger,7.18,4-CZD2ETDCECA2JX
Char Siew Rice,8.42,4-CZD2ETDCECA2JX
Chef's Special Combo,10.06,4-C3UBAYWTUEU2EN
House Signature Dish,12.12,4-C3UBAYWTUEU2EN
Daily Special Set,8.86,4-C3UBAYWTUEU2EN
Today's Recommendation,11.7,4-C3UBAYWTUEU2EN
House Signature Dish (Set 2),14.91,4-C3UBAYWTUEU2EN
Today's Recommendation (Set 2),8.86,4-C3UBAYWTUEU2EN
House Signature Dish (Set 2),11.93,4-C3UBAYWTUEU2EN
House Signature Dish (Set 2),14.17,4-C3UBAYWTUEU2EN
Chef's Special Combo (Set 2),9.47,4-C3UBAYWTUEU2EN
Today's Recommendation (Set 2),12.9,4-C3UBAYWTUEU2EN
Nasi Lemak,5.48,4-C73ZN6NAL35WEN
Char Kway Teow,4.76,4-C73ZN6NAL35WEN
Roti Canai,5.02,4-C73ZN6NAL35WEN
Satay Skewers,4.19,4-C73ZN6NAL35WEN
Today's Recommendation,8.62,4-C73ZN6NAL35WEN
House Signature Dish,6.99,4-C73ZN6NAL35WEN
Chef's Special Combo,8.73,4-C73ZN6NAL35WEN
Daily Special Set,7.7,4-C73ZN6NAL35WEN
Char Kway Teow (Set 2),5.64,4-C73ZN6NAL35WEN
Satay Skewers (Set 2),5.39,4-C73ZN6NAL35WEN
Sweet & Sour Pork,8.94,4-C6L3G4NVG25KLE
Stir-fried Kailan,11.31,4-C6L3G4NVG25KLE
Mala Hotpot Combo,14.25,4-C6L3G4NVG25KLE
Char Siew Rice,12.32,4-C6L3G4NVG25KLE
Mala Xiang Guo,8.99,4-C6L3G4NVG25KLE
Steamed Fish with Ginger,12.5,4-C6L3G4NVG25KLE
Braised Pork Belly,12.76,4-C6L3G4NVG25KLE
Yang Zhou Fried Rice,11.86,4-C6L3G4NVG25KLE
Mapo Tofu,10.05,4-C6L3G4NVG25KLE
Kung Pao Chicken,9.57,4-C6L3G4NVG25KLE
Truffle Mushroom Pasta,7.73,4-C8DGCLCXREMYSA
Lasagna,11.74,4-C8DGCLCXREMYSA
Risotto ai Funghi,13.65,4-C8DGCLCXREMYSA
Quinoa Salad,14.45,4-C8DGCLCXREMYSA
Caesar Salad,8.89,4-C8DGCLCXREMYSA
Greek Salad,7.63,4-C8DGCLCXREMYSA
Bolognese Spaghetti,12.8,4-C8DGCLCXREMYSA
Aglio Olio,9.49,4-C8DGCLCXREMYSA
Carbonara,12.77,4-C8DGCLCXREMYSA
Tiramisu,8.96,4-C8DGCLCXREMYSA
Flat White,9.17,4-C73XCRNUJ2JDET
Cappuccino,13.25,4-C73XCRNUJ2JDET
Iced Latte,7.64,4-C73XCRNUJ2JDET
Espresso,14.78,4-C73XCRNUJ2JDET
Daily Special Set,10.19,4-C73XCRNUJ2JDET
Today's Recommendation,8.34,4-C73XCRNUJ2JDET
Flat White (Set 2),10.53,4-C73XCRNUJ2JDET
Flat White (Set 2),11.04,4-C73XCRNUJ2JDET
Espresso (Set 2),12.88,4-C73XCRNUJ2JDET
Today's Recommendation (Set 2),13.08,4-C73XCRNUJ2JDET
Original Fried Chicken,10.86,4-C4AFR32XVKKWAN
Spicy Fried Chicken,13.1,4-C4AFR32XVKKWAN
Honey Glazed Wings,10.42,4-C4AFR32XVKKWAN
Popcorn Chicken,7.67,4-C4AFR32XVKKWAN
Korean Fried Chicken,14.25,4-C4AFR32XVKKWAN
Hand-Pulled Noodles,9.4,4-C4AFR32XVKKWAN
Sesame Noodles,11.3,4-C4AFR32XVKKWAN
Spicy Peanut Noodles,11.42,4-C4AFR32XVKKWAN
Beef Brisket Noodles,8.41,4-C4AFR32XVKKWAN
Beef Brisket Noodles (Set 2),10.04,4-C4AFR32XVKKWAN
California Roll,8.24,4-C2DTN3EFLBBACX
Original Fried Chicken,8.52,4-C2DTN3EFLBBACX
Korean Fried Chicken,7.1,4-C2DTN3EFLBBACX
Tempura Udon,11.01,4-C2DTN3EFLBBACX
Popcorn Chicken,12.8,4-C2DTN3EFLBBACX
Fresh Orange Juice,10.93,4-C2DTN3EFLBBACX
Soda Float,14.41,4-C2DTN3EFLBBACX
Iced Chrysanthemum Tea,14.52,4-C2DTN3EFLBBACX
Salmon Sashimi,14.76,4-C2DTN3EFLBBACX
Spicy Fried Chicken,9.99,4-C2DTN3EFLBBACX
Nasi Lemak,10.27,request.isInterceptResolutionHandled()
Char Kway Teow,7.31,request.isInterceptResolutionHandled()
Roti Canai,14.37,request.isInterceptResolutionHandled()
Satay Skewers,10.08,request.isInterceptResolutionHandled()
Nasi Lemak with Fried Chicken,11.52,request.isInterceptResolutionHandled()
Nasi Lemak with Sambal Sotong,8.55,request.isInterceptResolutionHandled()
Satay Skewers (Set 2),10.49,request.isInterceptResolutionHandled()
Nasi Lemak (Set 2),9.04,request.isInterceptResolutionHandled()
Nasi Lemak with Sambal Sotong (Set 2),14.3,request.isInterceptResolutionHandled()
House Signature Dish,12.78,request.isInterceptResolutionHandled()